Vendor,IRF,SRF,PED
Cirrus,1.3861202347075856,0.8135747647432591,1.033877651546673
Spectralis,2.487064201919169,1.5715821689347809,1.753522979452213
Topcon,0.6392444504857805,0.3540703129011226,0.4440641812698839
