Vendor,IRF,SRF,PED
Cirrus,1.4703244856682973,1.2460272257603868,1.1474441272228382
Spectralis,2.8490981823793895,2.2845727640136135,1.2025629014384
Topcon,0.7839441053167224,0.5612320601392323,0.3046004968271871
