Vendor,IRF,SRF,PED
Cirrus,1.4998126540424548,1.2523266476939638,1.1810492538626307
Spectralis,2.7882493149663463,2.30194414897019,1.2202657126939387
Topcon,0.8313008601362901,0.5657506995457872,0.22586355725964194
