Vendor,IRF,SRF,PED
Cirrus,1.3150432312309905,1.2400401441003959,1.146994088549069
Spectralis,2.5602340191659474,2.27612329394682,1.2219705863723396
Topcon,0.7903540602261031,0.5372916840434,0.33550982556486453
