Vendor,IRF,SRF,PED
Cirrus,1.3847298167154936,0.8135747647432591,1.0336627077024847
Spectralis,2.47662658414972,1.5526580607609257,1.7509429924367736
Topcon,0.6392088669060773,0.35095548963531614,0.4406784490226258
