Vendor,IRF,SRF,PED
Cirrus,1.502583974283537,1.2603299473924074,1.197933540623286
Spectralis,2.7449837321730084,2.3214569277542596,1.2438398393341725
Topcon,0.8486920791077676,0.5758512880108259,0.1931383895214129
