Vendor,IRF,SRF,PED
Cirrus,1.426642187083402,1.256042265500529,1.1707465028310493
Spectralis,2.6362809578421222,2.3174074020553785,1.2101073104760502
Topcon,0.8324827937209611,0.5600219808214452,0.22935971956799034
