Vendor,IRF,SRF,PED
Cirrus,0.9984432632329039,1.2285316924428213,1.2201309705324674
Spectralis,2.1426219984884343,2.3101815281854066,0.9703195213262263
Topcon,0.6990520092871354,0.7514860052325936,0.03406396932354839
