Vendor,IRF,SRF,PED
Cirrus,1.504067310708273,1.2603299473924074,1.197933540623286
Spectralis,2.754756425269757,2.357577206230942,1.2438398393341725
Topcon,0.8488437377357095,0.5800472271188903,0.19591678163350967
