Vendor,IRF,SRF,PED
Cirrus,1.468809803266284,1.2460272257603868,1.1474441272228382
Spectralis,2.8339568659300873,2.2484580093599127,1.2025573776154186
Topcon,0.7823204658881676,0.5570172204045548,0.3018233647568645
