Vendor,IRF,SRF,PED
Cirrus,0.9973338395371203,1.2285316924428213,1.2201309705324674
Spectralis,2.136511294243733,2.27598077819483,0.9703195213262263
Topcon,0.6990520092871354,0.7477361209125936,0.03282912838483871
