Epoch,Epoch Training Loss,Epoch Validation Loss
1,0.6292752053795209,0.6632460938949211
2,0.589543940606526,0.6346220103159449
3,0.574382124831151,0.6162652077043758
4,0.5603649100966802,0.6053530888424979
5,0.5440944639120898,0.5932334215033288
6,0.5334246531662483,0.6025397921699325
