Vendor,dice_PED
Cirrus,0.6546993498568949 (0.10671784763640224)
Spectralis,0.7668108439739839 (0.12005846199406867)
Topcon,0.7669270048908731 (0.1462354247243998)
