Vendor,dice_IRF
Cirrus,0.5656796009081164 (0.2477733760711073)
Spectralis,0.6857226849175416 (0.12667086541227024)
Topcon,0.5999346559175424 (0.19844223788099413)
