AllSlices,SlicesWithFLuid,SlicesWithoutFluid
0.20179180371055147 (0.28655981446114925),0.3656388639876702 (0.26314031017283),0.04728789986091794 (0.212401743316031)
