Vendor,dice_SRF
Cirrus,0.6261981327021331 (0.1878569499237025)
Spectralis,0.908672641714414 (0.09665875328592653)
Topcon,0.7057867775199144 (0.15474166165247594)
