dice_IRF,dice_SRF,dice_PED
0.4751421147957444 (0.2700368617970804),0.5328942713176095 (0.22986715138153327),0.02253086492419243 (0.03186345474778919)
