vendor,Dice_Background,Dice_IRF,Dice_SRF,Dice_PED
Cirrus,0.9285378455714121,0.22094532841003756,0.06856943396509584,0.23108978693805035
Spectralis,0.9852154124134604,0.6003939107825513,0.6035691897510772,0.5074488559412645
Topcon,0.985851945688758,0.18612847422442624,0.4644753961990487,0.07622357067741367
