AllDevices,PSNR,SSIM,MSE
0,21.093756613756614 (0.3650512094865185),0.2033024691358025 (0.018988993260216764),0.0078008720898471865 (0.0006491514006844494)
