AllSlices,SlicesWithFLuid,SlicesWithoutFluid
0.6845331148830434 (0.3644014237136988),0.6646342625615557 (0.22565559668144128),0.7031900138696255 (0.4571692231185356)
