Dice_Background,Dice_IRF,Dice_SRF,Dice_PED
0.9894860906928751,0.614912489415595,0.4683796325438526,0.6412740271928891
