dice_IRF,dice_SRF,dice_PED
0.6247679273187483 (0.22350291495582333),0.7377885006130691 (0.22386044001505107),0.650451928774447 (0.18475028458831197)
