dice_IRF,dice_SRF,dice_PED
0.7959413754227734 (0.4032394067209247),0.930824008138352 (0.2538823447243569),0.8559928443649374 (0.3512541132180528)
