dice_IRF,dice_SRF,dice_PED
0.7417358599860506 (0.38673095499404775),0.7211665904940071 (0.4063395162848452),0.6746499017107653 (0.4169592210559713)
