Dice_Background,Dice_IRF,Dice_SRF,Dice_PED
0.997025218755684,0.6755321060413159,0.8315654598220891,0.6370207581632569
