AllSlices,SlicesWithFluid,SlicesWithoutFluid
0.6282377545385166 (0.4061972929680455),0.6284918285811604 (0.1740336800935855),0.6281081081081081 (0.4835712086560922)
