dice_IRF,dice_SRF,dice_PED
0.1525974025974026 (0.35979373866301767),0.22767419038272815 (0.41953710555601315),0.01532567049808429 (0.12290347010786473)
