dice_IRF,dice_SRF,dice_PED
0.5296934865900383 (0.49935673089873567),0.6861848124428179 (0.46425468122198416),0.690522243713733 (0.46250205304313385)
