dice_IRF,dice_SRF,dice_PED
0.4288195850288945 (0.41736860269705706),0.5982883099303897 (0.46192221770009595),0.45026460249422273 (0.46178147544771947)
