vendor,Dice_Background,Dice_IRF,Dice_SRF,Dice_PED
Cirrus,0.9961271551869376,0.5613891546482085,0.768673633524692,0.6784288290849644
Spectralis,0.9974775761165914,0.6527541061116052,0.8607518552844319,0.7468305996990027
Topcon,0.99759997442846,0.7119365731904272,0.683618289343489,0.558204595518237
