AllSlices,SlicesWithFLuid,SlicesWithoutFluid
0.7186477742275875 (0.34457430694096775),0.6582114505857097 (0.22889238369675363),0.7753120665742025 (0.4176663919675553)
