AllSlices,SlicesWithFLuid,SlicesWithoutFluid
0.738267025933651 (0.3295808220981453),0.6573358509309325 (0.22431351937229904),0.8141470180305131 (0.38925801999889054)
