Vendor,dice_SRF
Cirrus,0.6372360844529751 (0.4812596052220518)
Spectralis,0.7604790419161677 (0.4280747153330949)
Topcon,0.783157894736842 (0.4125286415267994)
