Vendor,dice_PED
Cirrus,0.28266850879881533 (0.41810355557240503)
Spectralis,0.4949695011638865 (0.43943407389175754)
Topcon,0.434125346464238 (0.4446928833408867)
