vendor,Dice_Background,Dice_IRF,Dice_SRF,Dice_PED
Cirrus,0.9428961432895278,0.02115835055794256,0.013812361339204238,0.005550295192898012
Spectralis,0.9633177263795849,0.3159492554388643,0.21015332264356335,0.05114970711591423
Topcon,0.5451292077005814,0.0061656794014841735,0.006483885723100686,0.008011675936077276
