Vendor,dice_PED
Cirrus,0.31968810916179335 (0.466810885192401)
Spectralis,0.19553072625698323 (0.39772120960221263)
Topcon,0.5769230769230769 (0.4946820216572658)
