vendor,Dice_Background,Dice_IRF,Dice_SRF,Dice_PED
Cirrus,0.995877074323249,0.6012552563457771,0.7456296483431516,0.5884256343342404
Spectralis,0.99747580037221,0.6597340535174178,0.8986242778714701,0.741845707485801
Topcon,0.9981667824735317,0.7183271968209469,0.4606017031028827,0.627959514069973
