dice_IRF,dice_SRF,dice_PED
0.5822510822510822 (0.4934554546783396),0.7075564278704612 (0.45510832871937434),0.5704697986577181 (0.4952465697750482)
