dice_IRF,dice_SRF,dice_PED
0.16981132075471697 (0.3772506584476578),0.4084507042253521 (0.4950458792225335),0.13392857142857142 (0.3421062401311609)
