dice_IRF,dice_SRF,dice_PED
0.7000479725767482,0.8218922439917196,0.7706472239505026
