dice_IRF,dice_SRF,dice_PED
0.13744588744588745 (0.34450393355120923),0.3719332679097154 (0.48355804264970714),0.13793103448275862 (0.34499285225338777)
