AllSlices,SlicesWithFluid,SlicesWithoutFluid
0.899402646606387 (0.24408986437660005),0.7735787513576875 (0.2096124479051313),0.9381746810598626 (0.24095627452828336)
