Vendor,dice_SRF
Cirrus,0.556135770234987 (0.4974886695017144)
Spectralis,0.8670212765957447 (0.3404584194490755)
Topcon,0.8896882494004796 (0.31365425091396276)
