dice_IRF,dice_SRF,dice_PED
0.490342733962264 (0.24820098903748303),0.6245621498488632 (0.2681317472804507),0.4913665913974149 (0.17632158550373916)
