AllSlices,SlicesWithFLuid,SlicesWithoutFluid
0.38564799179015685 (0.37343067470342),0.564719296643268 (0.2103227669573969),0.217753120665742 (0.41300517896853456)
