Device,PSNR,SSIM,MSE
Spectralis,24.038829787234043 (1.4861519322118508),0.44033510638297874 (0.06681855583784581),0.0042083754629624924 (0.0017528226727451144)
