dice_IRF,dice_SRF,dice_PED
0.6905919192279703 (0.17772206149099556),0.8129613454404631 (0.1367314600536262),0.7477391495602846 (0.18434098241255836)
