Volume,dice_SRF
TRAIN008,0.8338540686028344 (0.16653013817577353)
TRAIN017,nan (nan)
TRAIN019,nan (nan)
TRAIN021,0.48629883358371445 (0.3226083198879761)
TRAIN023,nan (nan)
TRAIN025,nan (nan)
TRAIN031,nan (nan)
TRAIN035,0.9170395024987155 (0.06270669027788175)
TRAIN037,0.7451216363244586 (0.2107280973739969)
TRAIN053,0.8661387098299993 (0.0805442226321464)
TRAIN057,0.8490366430222234 (0.10679749530725455)
TRAIN060,nan (nan)
TRAIN065,nan (nan)
TRAIN070,nan (nan)
