Dice_Background,Dice_IRF,Dice_SRF,Dice_PED
0.9968613270688526,0.6910935196757898,0.8034864150315736,0.6854064644895655
