Vendor,dice_PED
Cirrus,0.6222673018665418 (0.2416394123581894)
Spectralis,0.689517897718093 (0.19650924968565106)
Topcon,0.6802941392052848 (0.1779810110607552)
