vendor,Dice_Background,Dice_IRF,Dice_SRF,Dice_PED
Cirrus,0.9949690006224521,0.5696750988116374,0.44834248907086116,0.43479158146890023
Spectralis,0.9959265350147818,0.6222860897958766,0.7826535326150357,0.5448989650073928
Topcon,0.9982006568516031,0.5906363200355612,0.40550820595900544,0.3027909394902577
