dice_IRF,dice_SRF,dice_PED
0.6123204884770574 (0.23807988732536656),0.7634008824113448 (0.19344830621920348),0.5236350261092443 (0.262123193017908)
