Dice_Background,Dice_IRF,Dice_SRF,Dice_PED
0.9969618526420201,0.6687723105919982,0.8634798022558561,0.6267704695304568
