dice_IRF,dice_SRF,dice_PED
0.32512928519475304 (0.3816966353239995),0.4876965762843673 (0.4680665461857605),0.377492420039351 (0.44732355117380634)
