dice_IRF,dice_SRF,dice_PED
0.1839080459770115 (0.38759485916831315),0.3970722781335773 (0.4895151889665558),0.2562862669245648 (0.4367930069768099)
