AllSlices,SlicesWithFLuid,SlicesWithoutFluid
0.6259908108318321 (0.3863375762649989),0.6496547046334071 (0.21302018721251414),0.6053299492385786 (0.48909014171805953)
