dice_IRF,dice_SRF,dice_PED
0.6411827737668832 (0.42990125864436346),0.7687768117766681 (0.37291984907342096),0.5329152904864222 (0.4484440532933056)
