AllSlices,SlicesWithFLuid,SlicesWithoutFluid
0.6846655167566594 (0.35888212684081744),0.6474441337019112 (0.2174413296708557),0.7192474674384949 (0.44969234037278605)
