Vendor,dice_PED
Cirrus,0.43137254901960786 (0.4957541519802642)
Spectralis,0.3473053892215569 (0.4775457300069698)
Topcon,0.8319327731092437 (0.37445078278229976)
