vendor,Dice_Background,Dice_IRF,Dice_SRF,Dice_PED
Cirrus,0.9956745378237358,0.6264103110929554,0.8180382918057956,0.6140283571192738
Spectralis,0.9969719071334174,0.7489342752639452,0.8772017971481485,0.7799528142591303
Topcon,0.9989585496811129,0.7018344357662779,0.7457171950005035,0.6237434771562029
