dice_IRF,dice_SRF,dice_PED
0.7126381018130881 (0.3827751625386176),0.7774167842860145 (0.38604870656151413),0.8039546892511328 (0.35007903712033345)
