AllSlices,SlicesWithFluid,SlicesWithoutFluid
0.07911759351069729 (0.12310276142157732),0.1803881132043898 (0.1276982138120129),0.0 (0.0)
