Vendor,dice_PED
Cirrus,0.5042931119078085 (0.24584455064932464)
Spectralis,0.6362978200652177 (0.2308171625714706)
Topcon,0.5371080342125385 (0.1355863771857647)
