AllSlices,SlicesWithFluid,SlicesWithoutFluid
0.6892098727379629 (0.3997305500209502),0.7083539373097909 (0.1700607186420462),0.6807359307359307 (0.4664439823781086)
