AllSlices,SlicesWithFLuid,SlicesWithoutFluid
0.7090776426757305 (0.34245794281535474),0.6586747298200524 (0.20324746882586947),0.7566063977746871 (0.4294294323176126)
