AllDevices,PSNR,SSIM,MSE
0,23.628438829787232 (1.4161842559903333),0.43037500000000006 (0.06585940833826756),0.004597591498787416 (0.0018077755515543104)
