dice_IRF,dice_SRF,dice_PED
0.6705959465581574 (0.4060459336979953),0.8501132940042091 (0.30507314243623573),0.8164920004368365 (0.35474740901818796)
