dice_IRF,dice_SRF,dice_PED
0.6676245210727969 (0.47129054048392127),0.7493138151875571 (0.43360654816242356),0.7959381044487428 (0.403209462089104)
