AllSlices,SlicesWithFLuid,SlicesWithoutFluid
0.6341317243539577 (0.3847793127499516),0.6137307972226019 (0.2518817090303542),0.6532593619972261 (0.4762627083450351)
