dice_IRF,dice_SRF,dice_PED
0.6272253246781928 (0.43152316498769455),0.7109327857744592 (0.4069522496020755),0.7441746885938277 (0.3785584781572642)
