dice_IRF,dice_SRF,dice_PED
0.31433641848830085 (0.23140263837178662),0.34224301168303395 (0.27081756504750804),0.34738854482040055 (0.22387489350187587)
