dice_IRF,dice_SRF,dice_PED
0.8005537780927748 (0.34133010244606765),0.8555254874778971 (0.30044210172616453),0.7119785533474963 (0.40142352292225575)
