Vendor,dice_IRF
Cirrus,0.50662292538982 (0.42821328027047756)
Spectralis,0.7413595765829086 (0.33774905526665366)
Topcon,0.7751574621587578 (0.3793843206171863)
