Volume,dice_SRF
TRAIN006,nan (nan)
TRAIN008,0.7209808751940727 (0.18957452919321113)
TRAIN010,nan (nan)
TRAIN013,0.5762359174398276 (0.16883813043538698)
TRAIN023,nan (nan)
TRAIN029,0.9049060642719269 (0.026943875934524842)
TRAIN030,0.7681843571364879 (0.1841441411474338)
TRAIN034,nan (nan)
TRAIN044,0.79741024208876 (0.23492744144860822)
TRAIN047,nan (nan)
TRAIN050,nan (nan)
TRAIN055,nan (nan)
TRAIN057,0.6888522263380545 (0.1900903326535872)
TRAIN066,nan (nan)
