dice_IRF,dice_SRF,dice_PED
0.5398406374501992 (0.4986585939518399),0.6661224489795918 (0.47178918386669844),0.6385650224215247 (0.4806317880161411)
