AllSlices,SlicesWithFluid,SlicesWithoutFluid
0.17553683014161753 (0.261226368497991),0.300223972722888 (0.1871925805641282),0.078125 (0.27048970875004197)
