AllSlices,SlicesWithFluid,SlicesWithoutFluid
0.6113131998517499 (0.42102210516966115),0.5936176716732754 (0.22012778785772738),0.6193952033368092 (0.4857889105073906)
