AllSlices,SlicesWithFLuid,SlicesWithoutFluid
0.6201271714037598 (0.38321012872702326),0.6224758870423861 (0.22503211683522653),0.61794500723589 (0.4862418464131784)
