Device,PSNR,SSIM
Cirrus,18.874845679012346 (0.37583745382543976),0.12520899470899471 (0.016324529495292946)
Spectralis,23.125784574468085 (1.2065548790398033),0.4128164893617021 (0.05671463862216305)
T-1000,20.17423412698413 (0.8994233725746168),0.16181349206349208 (0.019646095293133155)
T-2000,21.096044444444445 (0.7680775981303523),0.22034126984126984 (0.03770607662699953)
