dice_IRF,dice_SRF,dice_PED
0.20018861094938237 (0.3351390397629508),0.2535202226015469 (0.39161685768811433),0.08321382962013993 (0.19609977080916952)
