dice_IRF,dice_SRF,dice_PED
0.5818357048045117 (0.4276241817599985),0.7593818134186552 (0.3959635489557609),0.7536012931439148 (0.36888281373561355)
