Vendor,dice_IRF,dice_SRF,dice_PED
Cirrus,0.6122407336253672,0.6476621052017435,0.8817345710936934
Spectralis,0.45462801136380554,0.6362291352481259,0.5477012863990908
Topcon,0.49928032140014694,0.5925741860253766,0.6676083001308143
