dice_IRF,dice_SRF,dice_PED
0.8843243243243243 (0.3200086286422952),0.8907996560619088 (0.31202458683279694),0.8535745047372955 (0.3536846269622575)
