dice_IRF,dice_SRF,dice_PED
0.7850958822387069 (0.35039182117933804),0.9041805647916255 (0.24009510369957682),0.8335213395063589 (0.31404900504255023)
