Dice_Background,Dice_IRF,Dice_SRF,Dice_PED
0.9962783626032848,0.5307968288493583,0.7096315749966087,0.5198990447326512
