dice_IRF,dice_SRF,dice_PED
0.601907425175232 (0.24007939020438052),0.7764162293332777 (0.16928061513056178),0.5655430907383561 (0.2665993373485419)
