Dice_Background,Dice_IRF,Dice_SRF,Dice_PED
0.9888145774082927,0.3526732126174777,0.26887757368814574,0.2463756869725195
