AllSlices,SlicesWithFLuid,SlicesWithoutFluid
0.5005961359033871 (0.39368249709339015),0.6232733755281537 (0.19564938018148129),0.3855755894590846 (0.4870688779297465)
