Vendor,dice_PED
Cirrus,0.635036496350365 (0.481859779322611)
Spectralis,0.4434782608695652 (0.49896918914522875)
Topcon,0.6526548672566371 (0.476654114088367)
