Dice_Background,Dice_IRF,Dice_SRF,Dice_PED
0.9962921645037662,0.6591072556502479,0.7122396333013538,0.6339995353821481
