Vendor,dice_IRF,dice_SRF,dice_PED
Spectralis,0.009433962264150943 (0.09712858623572643),0.6197183098591549 (0.48891124473813075),0.0 (0.0)
