AllSlices,SlicesWithFLuid,SlicesWithoutFluid
0.4195217157417194 (0.4015853400026532),0.5540901924924096 (0.26548459528542845),0.3020304568527919 (0.459429997749733)
