dice_IRF,dice_SRF,dice_PED
0.6973180076628352 (0.45963895375153563),0.827996340347667 (0.3775563805571497),0.6305609284332688 (0.4828864834681871)
