Vendor,dice_PED
Cirrus,0.4081196581196581 (0.4920114405172739)
Spectralis,0.56 (0.49763258630718116)
Topcon,0.7653333333333333 (0.42435649090422656)
