vendor,Dice_Background,Dice_IRF,Dice_SRF,Dice_PED
Cirrus,0.98273960000771,0.3139657478415422,0.15819485752226073,0.18987833139796415
Spectralis,0.9970529682108961,0.7484653632168573,0.8736673746835572,0.7149934692486797
Topcon,0.9956393945425321,0.3502742133628151,0.41027173003847717,0.35612731293872
