dice_IRF,dice_SRF,dice_PED
0.4865569153375793 (0.48928705105838594),0.5929666786340245 (0.39940396396891625),0.27265251650916117 (0.44652553129905925)
