vendor,Dice_Background,Dice_IRF,Dice_SRF,Dice_PED
Cirrus,0.9948402183025156,0.6118741988591146,0.803591526584676,0.5512351470605868
Spectralis,0.9970165444879222,0.7334615355512534,0.8976994049150246,0.7948396369663742
Topcon,0.9988427522897733,0.7029392137563585,0.7609958599839814,0.5753742562033073
