dice_IRF,dice_SRF,dice_PED
0.46613545816733065 (0.4991004925590348),0.6171428571428571 (0.48628241612800904),0.5381165919282511 (0.4987687216943528)
