dice_IRF,dice_SRF,dice_PED
0.3961200987062028 (0.42207227153455545),0.5507561500475582 (0.4481535160203299),0.40006906554362803 (0.44305380525259475)
