dice_IRF,dice_SRF,dice_PED
0.36752988047808766 (0.48237270220451883),0.5412244897959184 (0.4985011548236816),0.37309417040358744 (0.4838438487147019)
