Vendor,dice_IRF,dice_SRF,dice_PED
Spectralis,0.5097353225573897 (0.2714433232897776),0.5405477732419968 (0.22077776784220957),0.011342154815793037 (0.016040229167029827)
