Vendor,dice_PED
Cirrus,0.49783351549575494 (0.12782725618047627)
Spectralis,0.7888768083519406 (0.16433932813487132)
Topcon,0.6833337202464065 (0.163813779340822)
