AllSlices,SlicesWithFLuid,SlicesWithoutFluid
0.6846503235598145 (0.3595913414913599),0.641182058107839 (0.2239154581123189),0.7250361794500724 (0.44681947542233047)
