dice_IRF,dice_SRF,dice_PED
0.342911877394636 (0.4749098394451742),0.6029277218664227 (0.4895151889665558),0.28336557059961315 (0.4508504256471413)
