Dice_Background,Dice_IRF,Dice_SRF,Dice_PED
0.98718223366161,0.42135019520330996,0.6069728172994665,0.4400093287450276
