dice_IRF,dice_SRF,dice_PED
0.30326675302475087 (0.26206423199412415),0.5775827176164453 (0.27392106588566617),0.37253849761229074 (0.2621734597271436)
