dice_IRF,dice_SRF,dice_PED
0.3165497498578764 (0.42895736013901425),0.565640845075023 (0.46010978012300946),0.572155091392227 (0.4489857021975644)
