dice_IRF,dice_SRF,dice_PED
0.5512830750361654 (0.17001983690225175),0.6252654575609451 (0.22345451289527568),0.44642758811429395 (0.19974786952238355)
