dice_IRF,dice_SRF,dice_PED
0.8726673984632273 (0.33352828804313256),0.9524281466798811 (0.2129641314176416),0.8620087336244542 (0.34504152470363764)
