AllSlices,SlicesWithFluid,SlicesWithoutFluid
0.8516556702408561 (0.3267044743863269),0.8365938945575896 (0.13893324336301516),0.8546861564918314 (0.3525685934984076)
