dice_IRF,dice_SRF,dice_PED
0.8515325670498084 (0.35573314016441754),0.868252516010979 (0.3383708576047486),0.8239845261121856 (0.38101762116769383)
