Vendor,dice_PED
Cirrus,0.37372245437873064 (0.43980877815696656)
Spectralis,0.2927438908874304 (0.3898847383778212)
Topcon,0.5549899645411642 (0.43997862841183627)
