Dice_Background,Dice_IRF,Dice_SRF,Dice_PED
0.9977981170728225,0.7170358336517191,0.8686248911192834,0.6726607415778527
