dice_IRF,dice_SRF,dice_PED
0.40735639043133576 (0.25340224835796576),0.6919784595913909 (0.26786457684975956),0.6562970030973566 (0.23476872720117853)
