dice_IRF,dice_SRF,dice_PED
0.774054054054054 (0.41842998827002714),0.8589853826311264 (0.348186354281243),0.8044788975021533 (0.396772224387847)
