dice_IRF,dice_SRF,dice_PED
0.20522400237187927 (0.3368259078570007),0.31692746111663367 (0.42522248360480674),0.11882617363323013 (0.2577466720039133)
