dice_IRF,dice_SRF,dice_PED
0.44339622641509435 (0.4991457212410455),0.647887323943662 (0.4810284087035602),0.23214285714285715 (0.4240971938818151)
