Vendor,dice_IRF
Cirrus,0.6433566433566433 (0.47956748044746056)
Spectralis,0.6321243523316062 (0.4834814554761038)
Topcon,0.5816023738872403 (0.49402963666070626)
