dice_IRF,dice_SRF,dice_PED
0.5827406089167209 (0.2585379276518891),0.751256425791469 (0.16719269478417936),0.6077139222052862 (0.2717288328058293)
