vendor,Dice_Background,Dice_IRF,Dice_SRF,Dice_PED
Cirrus,0.9953645081700689,0.6548758259635445,0.7897346901689988,0.7064074255821025
Spectralis,0.9968542845570357,0.73664980505763,0.8808819294606675,0.7732100328775399
Topcon,0.9987518665563507,0.679585171057337,0.8086791976788192,0.5996961099702045
