AllDevices,PSNR,SSIM,MSE
0,23.817731382978724 (1.733820465807369),0.45552659574468085 (0.059419362367106196),0.004525482124200665 (0.002155141918371561)
