Device,PSNR,SSIM,MSE
T-2000,23.499978835978837 (0.24276670001964576),0.3592962962962963 (0.024780672648443604),0.004473924157628543 (0.0002549199466187026)
