dice_IRF,dice_SRF,dice_PED
0.24950102022524143 (0.3749246501459315),0.2962223115775019 (0.41941943878853283),0.11008494891464188 (0.24853845999774116)
