Vendor,dice_IRF,dice_SRF,dice_PED
Cirrus,0.43067710329424824 (0.25551538910111393),0.7615972265950404 (0.17273655887748796),0.7100081733375225 (0.22517682389613455)
Spectralis,0.3150635596425904 (0.20028605045298392),0.5796904978398458 (0.35720384023500285),0.626779415541225 (0.20211333321239533)
Topcon,0.4567117424911424 (0.2709271153843112),0.6695204115024319 (0.27626702829973315),0.5383215272748793 (0.25415458395562995)
