vendor,Dice_Background,Dice_IRF,Dice_SRF,Dice_PED
Cirrus,0.9971858429129716,0.7163420327158837,0.8748433352488849,0.660029053304346
Spectralis,0.9970529682108961,0.7484653632168573,0.8736673746835572,0.7149934692486797
Topcon,0.9989094378945496,0.686196503575081,0.6152978233275351,0.6127385652141115
