Vendor,dice_PED
Cirrus,0.6165234747127845 (0.20294722021254072)
Spectralis,0.7345700457883186 (0.18607289840686095)
Topcon,0.7152545144961726 (0.17096220343277715)
