vendor,Dice_Background,Dice_IRF,Dice_SRF,Dice_PED
Cirrus,0.9956059456685847,0.6972504181969766,0.8120745687366174,0.7510636566418288
Spectralis,0.9970282175024485,0.7417971014492754,0.8899642576280213,0.8438310497427026
Topcon,0.9987805377250961,0.676969191678577,0.777428709521508,0.5712729205421206
