Vendor,dice_IRF,dice_SRF,dice_PED
Spectralis,0.41157962661236525 (0.2743336345518507),0.46806238764940306 (0.18279023267139316),0.04029454570263624 (0.041452043225212766)
