vendor,Dice_Background,Dice_IRF,Dice_SRF,Dice_PED
Cirrus,0.9866408210340621,0.16188648524327634,0.09513975676480073,0.14163487536575428
Spectralis,0.9963164892722319,0.5611632979061685,0.7929541941028934,0.6311087172727251
Topcon,0.9973384023133153,0.5054014853093867,0.5604046816107915,0.46621925980992823
