dice_IRF,dice_SRF,dice_PED
0.24852202878180457 (0.38622785513822844),0.38625354831549275 (0.4624468696833291),0.11711645064250659 (0.2410020636200038)
