Device,PSNR,SSIM,MSE
Spectralis,23.825601063829787 (1.455875657840395),0.4347473404255319 (0.06794505618199506),0.004406658071526723 (0.0017720548540359601)
