AllSlices,SlicesWithFluid,SlicesWithoutFluid
0.8155054538094295 (0.3541680174421931),0.7278328678195932 (0.22507091331916065),0.833469387755102 (0.37270841770189517)
