dice_IRF,dice_SRF,dice_PED
0.521031848368665 (0.249833590992862),0.6517956500235749 (0.18270319427547466),0.5385747599067838 (0.21866239243243718)
