dice_IRF,dice_SRF,dice_PED
0.47707475630437146 (0.4482124185591119),0.7572313545601084 (0.3819528709921603),0.5993632190771142 (0.43736201308458605)
