dice_IRF,dice_SRF,dice_PED
0.7661909989023051 (0.42348460636837687),0.844400396432111 (0.3626550875687879),0.4017467248908297 (0.4904654797685526)
