AllSlices,SlicesWithFluid,SlicesWithoutFluid
0.6044116486590537 (0.42709378090189665),0.6251362534535908 (0.22193689951032872),0.5952380952380952 (0.49111173285565135)
