dice_IRF,dice_SRF,dice_PED
0.6467601854306788 (0.21272349459198822),0.7375018013218247 (0.22046946935650255),0.5830340790884811 (0.17865560969285527)
