AllSlices,SlicesWithFLuid,SlicesWithoutFluid
0.6653329019695414 (0.36720495194704306),0.6555605664475653 (0.21143763924809625),0.674547983310153 (0.4688696597050062)
