AllSlices,SlicesWithFLuid,SlicesWithoutFluid
0.30318538214534363 (0.35163856192352866),0.5274407971258063 (0.26096716962599187),0.09292649098474341 (0.2905309438100216)
