Vendor,dice_SRF
Cirrus,0.6342879142612219 (0.4505601938897673)
Spectralis,0.7907986870833805 (0.3662988925526527)
Topcon,0.7188724596508109 (0.42152832742549345)
