Vendor,dice_PED
Cirrus,0.3983756130488473 (0.4189828668452643)
Spectralis,0.6826135848249708 (0.3943848813346035)
Topcon,0.6069339417736046 (0.41939954649886263)
