Vendor,dice_IRF
Cirrus,0.6540708523869398 (0.4116119622029409)
Spectralis,0.5409261431012835 (0.3855877050120481)
Topcon,0.6480532025716457 (0.4091834915581545)
