Volume,dice_SRF
TRAIN001,0.5588127642869949 (0.2152476462417909)
TRAIN004,0.818118802389177 (0.09282851270137947)
TRAIN009,nan (nan)
TRAIN019,nan (nan)
TRAIN024,nan (nan)
TRAIN025,nan (nan)
TRAIN036,nan (nan)
TRAIN038,0.8261028990149498 (0.20224085752146923)
TRAIN043,0.7880624949932098 (0.14908650321063216)
TRAIN045,nan (nan)
TRAIN052,0.6133513863270099 (0.3379164894903996)
TRAIN053,0.722783749669113 (0.24899287728821057)
TRAIN065,nan (nan)
TRAIN069,0.21739129722118378 (0.3074377208720786)
