dice_IRF,dice_SRF,dice_PED
0.5009578544061303 (0.5002387178417823),0.7968892955169259 (0.4024984057993564),0.4825918762088975 (0.4999386736560787)
