AllDevices,PSNR,SSIM,MSE
0,21.934558620689653 (1.6376278795581343),0.24757318007662832 (0.12665211658700504),0.006834191730838283 (0.0023262617375422044)
