dice_IRF,dice_SRF,dice_PED
0.21684600737288912 (0.33948692696723676),0.41989945513612 (0.4523899954753329),0.20231235285400673 (0.34548469922171887)
