AllSlices,SlicesWithFluid,SlicesWithoutFluid
0.6461912303290989 (0.3753815776356845),0.6445697467008153 (0.21837801846044605),0.6477115117891817 (0.4780148823729994)
