dice_IRF,dice_SRF,dice_PED
0.3046084595605057 (0.24388548347759045),0.3403322972382484 (0.2932352956940186),0.3382118923986769 (0.23845390495080962)
