Vendor,dice_PED
Cirrus,0.48774880704586393 (0.4656168570160075)
Spectralis,0.5043656295659591 (0.46613315467152566)
Topcon,0.6842716548562748 (0.43630794926497174)
