Vendor,dice_IRF
Cirrus,0.5447661209851503 (0.4397034986126694)
Spectralis,0.6171735950878688 (0.3989174676665051)
Topcon,0.5396544704544795 (0.4408574559213057)
