Vendor,dice_PED
Cirrus,0.474639063414873 (0.13858811022733775)
Spectralis,0.6441067728476647 (0.18905116286595558)
Topcon,0.5661301818586165 (0.19422927602034562)
