dice_IRF,dice_SRF,dice_PED
0.5286917486759709 (0.445379169180737),0.6678243481248094 (0.4269777161717247),0.6618530709315131 (0.4183641754426326)
