AllSlices,SlicesWithFluid,SlicesWithoutFluid
0.8187303523413169 (0.35939756049692834),0.6538952933292701 (0.27240511635196046),0.8426601784266018 (0.36426860831738933)
