AllDevices,PSNR,SSIM,MSE
0,24.956736204013378 (1.8507546017218315),0.36718812709030096 (0.11476335250293096),0.0034596193425349944 (0.0012547884887446725)
