Vendor,dice_IRF
Cirrus,0.6373777880806302 (0.42250722499056054)
Spectralis,0.7262905930377999 (0.3702820258863507)
Topcon,0.8890108036575839 (0.2660119699339596)
