Vendor,dice_SRF
Cirrus,0.5743856703677372 (0.2167102885396403)
Spectralis,0.8429229612151782 (0.1557514017760215)
Topcon,0.7365225296314448 (0.12141803806433805)
