vendor,Dice_Background,Dice_IRF,Dice_SRF,Dice_PED
Cirrus,0.9969135910540127,0.6827886496457596,0.849305542140746,0.6432749182515812
Spectralis,0.9971972683432863,0.7328781173164735,0.8622891446715618,0.6927445165745518
Topcon,0.9984563682794014,0.6806555079377914,0.21440911844555632,0.43423604626104445
