Vendor,dice_SRF
Cirrus,0.795024255994989 (0.0853871965495289)
Spectralis,0.7761719924135085 (0.2476318276702215)
Topcon,0.6433019537378002 (0.23427184603436993)
