AllSlices,SlicesWithFLuid,SlicesWithoutFluid
0.7004133724462862 (0.35298539083988284),0.6575110670228725 (0.22120751244209252),0.7406380027739251 (0.43858881420149354)
