dice_IRF,dice_SRF,dice_PED
0.5257291017006555 (0.21866425418405172),0.6018112313498645 (0.23998156991341674),0.5801893666427654 (0.23564936023630456)
