AllSlices,SlicesWithFluid,SlicesWithoutFluid
0.5246606290776419 (0.43139146974491305),0.5411429583045283 (0.18254630815516237),0.5177664974619289 (0.4999380919950577)
