AllSlices,SlicesWithFLuid,SlicesWithoutFluid
0.6221284910492497 (0.38402275718374346),0.6288661272127247 (0.22846918994198664),0.6158113730929264 (0.48674050573794314)
