AllSlices,SlicesWithFluid,SlicesWithoutFluid
0.5015875415459179 (0.4498231371741407),0.545677036993572 (0.2561984178105811),0.4859359844810863 (0.5000447278780342)
