dice_IRF,dice_SRF,dice_PED
0.6130962391044662 (0.23131318869223272),0.784469401570642 (0.15033096933759865),0.5533431561535288 (0.27439265832327586)
