Vendor,dice_PED
Cirrus,0.36821935484185814 (0.44887429839620535)
Spectralis,0.34623720219396814 (0.3807231159009822)
Topcon,0.3283743538893759 (0.3950769994152272)
