AllSlices,SlicesWithFLuid,SlicesWithoutFluid
0.29927165658474364 (0.36185963211567757),0.49124630806048347 (0.29509953267618233),0.11927877947295423 (0.32434126610144143)
