Vendor,dice_IRF
Cirrus,0.44212962962962965 (0.49721554318246036)
Spectralis,0.7913043478260869 (0.40815485911112)
Topcon,0.7970401691331924 (0.4026286935980169)
