dice_IRF,dice_SRF,dice_PED
0.49127625520650275 (0.4323774388725154),0.6161288052549975 (0.4536862222058903),0.56700780290131 (0.4443571509772898)
