dice_IRF,dice_SRF,dice_PED
0.7946699999176824 (0.31286381390951795),0.8711726840428139 (0.2998299636032332),0.7828923804244146 (0.3736705343311801)
