AllSlices,SlicesWithFLuid,SlicesWithoutFluid
0.7771362280159784 (0.3146411490498745),0.7702060806779907 (0.15344388333076497),0.7836338418862691 (0.4120525845188835)
