Volume,dice_PED
TRAIN008,nan (nan)
TRAIN017,0.662206996338708 (0.09302168172640396)
TRAIN019,nan (nan)
TRAIN021,nan (nan)
TRAIN023,0.6308113837783987 (0.1418941276094771)
TRAIN025,0.7697985747764851 (0.09826393649520952)
TRAIN031,0.8060505408793688 (0.1658832954066822)
TRAIN035,0.7469641955362426 (0.11096026874033954)
TRAIN037,nan (nan)
TRAIN053,0.8324221678553744 (0.12585154803477236)
TRAIN057,0.7014318419263718 (0.13597591061658584)
TRAIN060,nan (nan)
TRAIN065,nan (nan)
TRAIN070,nan (nan)
