dice_IRF,dice_SRF,dice_PED
0.35922594178572487 (0.42682546898297885),0.43246553752487343 (0.46609202020849133),0.16815968893092384 (0.3347175503579073)
