Device,PSNR,SSIM,MSE
Cirrus,21.093756613756614 (0.3650512094865176),0.20330246913580247 (0.018988993260216774),0.0078008720898471865 (0.0006491514006844491)
