AllSlices,SlicesWithFLuid,SlicesWithoutFluid
0.6172153219069323 (0.38660016383886875),0.6231505986745332 (0.23519084571299698),0.6116504854368932 (0.4877131100041324)
