vendor,Dice_Background,Dice_IRF,Dice_SRF,Dice_PED
Cirrus,0.9979111965437722,0.7166243768369909,0.1387085055174606,0.3378521535681307
Spectralis,0.9939048400159202,0.6270194763080985,0.8370798209284622,0.42077430715510405
Topcon,0.9945693813683333,0.3048404055061603,0.6406735403360216,0.4952714130242001
