dice_IRF,dice_SRF,dice_PED
0.4512987012987013 (0.4978920261738037),0.8341511285574092 (0.3721275589945784),0.7353787152444871 (0.44134296599675876)
