dice_IRF,dice_SRF,dice_PED
0.6464667958497425 (0.42877377237426334),0.8089395960020908 (0.34458316303354247),0.7196112267476185 (0.3947680970656243)
