dice_IRF,dice_SRF,dice_PED
0.5925131194008562 (0.2500592004036532),0.6800419133965319 (0.20919884946344267),0.5444244793356465 (0.2564507885932801)
