dice_IRF,dice_SRF,dice_PED
0.6937863044440746 (0.219695486271083),0.5588685946409092 (0.20898836386174025),0.011342154815793037 (0.016040229167029827)
