dice_IRF,dice_SRF,dice_PED
0.5976887588277642 (0.24728785005546636),0.7568545898387007 (0.19102312498511095),0.6061110320982748 (0.24594430206570836)
