AllSlices,SlicesWithFluid,SlicesWithoutFluid
0.20908723588575395 (0.29493451943269583),0.31671889781951906 (0.1915409433114432),0.125 (0.3333333333333333)
