AllDevices,PSNR,SSIM,MSE
0,23.820757978723403 (1.4456902747832387),0.4355 (0.06806349976308888),0.004407332737018612 (0.0017529069251908582)
