Vendor,dice_IRF,dice_SRF,dice_PED
Spectralis,0.4865569153375793 (0.48928705105838594),0.5929666786340245 (0.3994039639689162),0.27265251650916117 (0.44652553129905936)
