Vendor,dice_IRF,dice_SRF,dice_PED
Spectralis,0.018867924528301886 (0.1367049011885994),0.5211267605633803 (0.5031090461059529),0.0 (0.0)
