Vendor,dice_PED
Cirrus,0.4469469573785318 (0.45739933038433345)
Spectralis,0.4365759239513047 (0.43670819135275907)
Topcon,0.7686418568264344 (0.3454059752232912)
