Dice_Background,Dice_IRF,Dice_SRF,Dice_PED
0.9959742349061733,0.5540342765110637,0.5315857630442095,0.4123077761864937
