dice_IRF,dice_SRF,dice_PED
0.6471861471861472 (0.47810419674985094),0.873405299313052 (0.33268167350403555),0.8216682646212847 (0.3829753920064502)
