Vendor,dice_SRF
Cirrus,0.8495575221238938 (0.35782139592808054)
Spectralis,0.6541353383458647 (0.4774476455822603)
Topcon,0.8822429906542056 (0.3226218331297698)
