AllSlices,SlicesWithFluid,SlicesWithoutFluid
0.7356578881379667 (0.37750981378691373),0.6863424687744244 (0.1938328771420877),0.7560728744939271 (0.4296667764173486)
