Vendor,dice_IRF
Cirrus,0.6832515871524811 (0.20187640198378268)
Spectralis,0.670456008066105 (0.1670636428432066)
Topcon,0.48382829580760023 (0.26417073066181856)
