dice_IRF,dice_SRF,dice_PED
0.2658779697896714 (0.3746095592790071),0.2798860930383029 (0.4170450998591022),0.08051480860831035 (0.21959987543736503)
