vendor,Dice_Background,Dice_IRF,Dice_SRF,Dice_PED
Cirrus,0.9943933676742219,0.5489812348109058,0.8068756507684535,0.4704678571307165
Spectralis,0.9959284201929997,0.6691014550344085,0.8814091855221462,0.7734423215526506
Topcon,0.9986840992883899,0.6765094991964283,0.7569062775556549,0.6013603135502787
