Vendor,dice_IRF
Cirrus,0.576259740954265 (0.41793778736046533)
Spectralis,0.6945711315286403 (0.3525573029349306)
Topcon,0.6614687141700415 (0.40789287055909235)
