dice_IRF,dice_SRF,dice_PED
0.5632453260191179 (0.43153906645583656),0.7037801500982748 (0.40669944992075896),0.5259805403853556 (0.45740156711122837)
