Vendor,dice_PED
Cirrus,0.5469909596608066 (0.2774240160274945)
Spectralis,0.639167604862519 (0.1596147101259638)
Topcon,0.4602610890249737 (0.16932895820645885)
