AllSlices,SlicesWithFluid,SlicesWithoutFluid
0.6507630728104412 (0.43001984389155545),0.7382999874465683 (0.13995391615561847),0.6224215246636772 (0.4849989004812798)
