Vendor,dice_IRF
Cirrus,0.6177474934243946 (0.41899200400359027)
Spectralis,0.6435003249620904 (0.4333288439684054)
Topcon,0.5878682905968162 (0.417092366145082)
