Vendor,dice_IRF
Cirrus,0.6080178173719376 (0.4887372939923611)
Spectralis,0.65 (0.47868224392333797)
Topcon,0.7910447761194029 (0.40717051382733227)
