AllSlices,SlicesWithFluid,SlicesWithoutFluid
0.7047684122898277 (0.4122374996022832),0.6663206314766094 (0.21612272649852227),0.7154620311070449 (0.4514006404107886)
