AllSlices,SlicesWithFLuid,SlicesWithoutFluid
0.6167614578310088 (0.3845351162973504),0.6473605866714783 (0.21270353602839545),0.5880721220527045 (0.49252385764218637)
