Vendor,dice_IRF,dice_SRF,dice_PED
Spectralis,0.6834360435605049 (0.20833246058572738),0.479027938704158 (0.17199982635083694),0.04119344102218747 (0.04251899398798859)
