AllDevices,PSNR,SSIM
0,20.55998327759197 (1.523727171523039),0.19685576923076925 (0.10171105620616296)
