Vendor,dice_PED
Cirrus,0.4691119691119691 (0.4995274198126309)
Spectralis,0.23958333333333334 (0.42794508789656566)
Topcon,0.729490022172949 (0.4447165956604017)
