AllDevices,PSNR,SSIM,MSE
0,21.90942525773196 (1.768088395329212),0.2572534364261168 (0.12020861838860976),0.006930446805149601 (0.002396538801971693)
