dice_IRF,dice_SRF,dice_PED
0.7034632034632035 (0.4569778221702783),0.830225711481845 (0.3756187404786682),0.8370086289549377 (0.3695349919698444)
