Vendor,dice_PED
Cirrus,0.4839576516853413 (0.46625961479266687)
Spectralis,0.3260240124804633 (0.4194830329200907)
Topcon,0.697413918809616 (0.43029338072209183)
