Volume,dice_SRF
TRAIN003,nan (nan)
TRAIN005,0.7396109973842447 (0.17875864491822785)
TRAIN006,nan (nan)
TRAIN009,nan (nan)
TRAIN020,0.5724247916890629 (0.16761575597644535)
TRAIN030,0.8891751110553742 (0.14062927540127296)
TRAIN036,nan (nan)
TRAIN038,0.9184214070439338 (0.06486120895730553)
TRAIN045,nan (nan)
TRAIN047,nan (nan)
TRAIN055,nan (nan)
TRAIN058,nan (nan)
TRAIN061,0.7057867775199144 (0.15474166165247594)
TRAIN066,nan (nan)
