Vendor,dice_PED
Cirrus,0.5915011558041442 (0.4583893834741381)
Spectralis,0.48185514552252634 (0.4692108658711735)
Topcon,0.7642362168058753 (0.38676549987559045)
