dice_IRF,dice_SRF,dice_PED
0.5603896432597433 (0.43511722291107985),0.809442359582428 (0.3455814178357387),0.7273293758262352 (0.3996268425013591)
