dice_IRF,dice_SRF,dice_PED
0.6772042513732077 (0.4042544549780025),0.8127132915435478 (0.3394183807465131),0.7770516534586732 (0.3652307484165613)
