AllSlices,SlicesWithFluid,SlicesWithoutFluid
0.6869326966280369 (0.43293110142825975),0.6927728261544438 (0.20898605937162204),0.6857876712328768 (0.4644002456130985)
