Vendor,dice_IRF
Cirrus,0.41202672605790647 (0.492748884899639)
Spectralis,0.7142857142857143 (0.453376053445278)
Topcon,0.7910447761194029 (0.4071705138273324)
