Volume,dice_PED
TRAIN004,0.6385869587701495 (0.2571551789910024)
TRAIN006,nan (nan)
TRAIN007,nan (nan)
TRAIN021,nan (nan)
TRAIN023,0.5532796613194726 (0.1452573148092803)
TRAIN026,nan (nan)
TRAIN029,nan (nan)
TRAIN034,nan (nan)
TRAIN046,0.689517897718093 (0.19650924968565106)
TRAIN050,0.5958447493612766 (0.16543041418904644)
TRAIN054,nan (nan)
TRAIN055,0.7402259642558713 (0.16260340194769102)
TRAIN066,nan (nan)
TRAIN070,nan (nan)
