dice_IRF,dice_SRF,dice_PED
0.6401567582309372 (0.19234771355537225),0.7821719641359444 (0.19189386220938798),0.6046637942919791 (0.24309184579427381)
