Vendor,dice_SRF
Cirrus,0.5987811713013798 (0.43323402737729366)
Spectralis,0.7411239905016763 (0.4073732835515621)
Topcon,0.8198557512951083 (0.3497657517828466)
