AllSlices,SlicesWithFLuid,SlicesWithoutFluid
0.6476520746296343 (0.3752497395157053),0.6283579116236672 (0.2297910186981105),0.665742024965326 (0.472057888423778)
