Device,PSNR,SSIM,MSE
T-1000,23.76950793650794 (0.5543984320420694),0.31639285714285714 (0.02627635138301004),0.004239963547747937 (0.0007452207447593985)
