Vendor,dice_IRF
Cirrus,0.6490384615384616 (0.4778456054140615)
Spectralis,0.4700854700854701 (0.5012510138032499)
Topcon,0.6610169491525424 (0.4740340824525633)
