Dice_Background,Dice_IRF,Dice_SRF,Dice_PED
0.996811519952593,0.5987130016034842,0.6820751082335591,0.6237512008506604
