Vendor,dice_SRF
Cirrus,0.6018869226114659 (0.1802043046360553)
Spectralis,0.7982617524275425 (0.2125580757784102)
Topcon,0.6888522263380545 (0.1900903326535872)
