dice_IRF,dice_SRF,dice_PED
0.6201298701298701 (0.4856171693008905),0.8056918547595682 (0.3958614332123125),0.725790987535954 (0.4463288322765903)
