dice_IRF,dice_SRF,dice_PED
0.5753940900909074 (0.2590024897625003),0.7305546566280291 (0.17876717864084324),0.5875947211196225 (0.2555787716501832)
