AllSlices,SlicesWithFLuid,SlicesWithoutFluid
0.3388378628920104 (0.3529217295936214),0.5418237381417972 (0.20777240498178196),0.1474269819193324 (0.354777854141247)
