Vendor,dice_SRF
Cirrus,0.6751248135813512 (0.40795054809535986)
Spectralis,0.7613075857259789 (0.4053587074091797)
Topcon,0.8955516303885815 (0.25967531237007985)
