AllSlices,SlicesWithFLuid,SlicesWithoutFluid
0.5809923695483847 (0.3891337722404446),0.5567956831900264 (0.23573649824642157),0.6034732272069464 (0.48953048232235596)
