AllSlices,SlicesWithFluid,SlicesWithoutFluid
0.6393761657007124 (0.37174943332117977),0.5717782679704024 (0.26701347437741446),0.7163934426229508 (0.4511180519964387)
