dice_IRF,dice_SRF,dice_PED
0.5988974128383004 (0.23756658723835478),0.7572908952215295 (0.18831057332975787),0.5129502373249751 (0.2694258328446702)
