dice_IRF,dice_SRF,dice_PED
0.45471681484527754 (0.48700904254682464),0.5794004420177978 (0.4024512840202919),0.2297549055595147 (0.4207127427536205)
