dice_IRF,dice_SRF,dice_PED
0.6243332490135151 (0.1562555338644028),0.7513195255245918 (0.15822995804554774),0.5890663122221574 (0.19591036953284924)
