vendor,Dice_Background,Dice_IRF,Dice_SRF,Dice_PED
Cirrus,0.9943163490964382,0.38883681082472443,0.48920342962816377,0.5278959701693337
Spectralis,0.9963164892722319,0.5611632979061685,0.7929541941028934,0.6311087172727251
Topcon,0.9976001285512053,0.569798428581576,0.6619610624175873,0.5261527406457019
