Vendor,dice_IRF
Cirrus,0.6188086113179794 (0.16224772094661544)
Spectralis,0.6824993726251454 (0.17420817868883826)
Topcon,0.5991047668186101 (0.18217904629941215)
