dice_IRF,dice_SRF,dice_PED
0.5702644172731376 (0.25353564480291213),0.7343172251099819 (0.1789718136854703),0.5997562711909619 (0.24492512493571225)
