dice_IRF,dice_SRF,dice_PED
0.7187953324549823 (0.3700608554377039),0.8463417029457597 (0.32825167127526417),0.7687781987966451 (0.38398086039934465)
