dice_IRF,dice_SRF,dice_PED
0.6051325315316722 (0.24305846739538198),0.692280133157558 (0.23396048320097843),0.592745208730485 (0.2712180123055701)
