Vendor,dice_IRF
Cirrus,0.6403080310672522 (0.4201509307471095)
Spectralis,0.631215864982532 (0.3923691447276084)
Topcon,0.36461857766262257 (0.414264856433655)
