Vendor,dice_IRF,dice_SRF,dice_PED
Cirrus,0.4997643593465909 (0.4440922559956782),0.7622420919709839 (0.359182661165564),0.6353642187954393 (0.4274226563201279)
Spectralis,0.6716879615218055 (0.37345714489378795),0.7897941794930672 (0.37093198924782866),0.7726487204128382 (0.38418072321323626)
Topcon,0.8192900933167299 (0.32393735738380636),0.9359772954734841 (0.21743664908309174),0.8054467919157885 (0.3571177518999184)
