Dice_Background,Dice_IRF,Dice_SRF,Dice_PED
0.977223513317875,0.3008239698828183,0.27204037755158234,0.1723352225018345
