Vendor,dice_SRF
Cirrus,0.6416451586011783 (0.1903444837488762)
Spectralis,0.8548980820597264 (0.15658226258762187)
Topcon,0.7061270872719194 (0.16343497478849814)
