Vendor,dice_SRF
Cirrus,0.7980175591254419 (0.12667866848413856)
Spectralis,0.8114719743912037 (0.1833225775228377)
Topcon,0.6963336884914695 (0.27293148325594413)
