Vendor,dice_IRF,dice_SRF,dice_PED
Spectralis,0.14150943396226415 (0.3502020979862374),0.38028169014084506 (0.48891124473813075),0.14285714285714285 (0.3514998201309974)
