AllSlices,SlicesWithFLuid,SlicesWithoutFluid
0.16475823153035 (0.24757170129515796),0.3291552351738922 (0.25210651574715276),0.009735744089012517 (0.09825673969793687)
