AllSlices,SlicesWithFluid,SlicesWithoutFluid
0.5521647717876594 (0.43548658836924775),0.5995661083868333 (0.24411957351762828),0.5298804780876494 (0.4993551032081982)
