Vendor,dice_SRF
Cirrus,0.8764960392683494 (0.06896893467434718)
Spectralis,0.8260321191076238 (0.18854371521730126)
Topcon,0.730525334139128 (0.12741934124078624)
