AllSlices,SlicesWithFLuid,SlicesWithoutFluid
0.17485196291017 (0.25638694312605476),0.3568187952636396 (0.25771379038131903),0.005788712011577424 (0.07591800641800078)
