Dice_Background,Dice_IRF,Dice_SRF,Dice_PED
0.994945945646524,0.5191148432181161,0.5341687103595664,0.2732334836441336
