AllSlices,SlicesWithFluid,SlicesWithoutFluid
0.5344915580292451 (0.46537567723381557),0.545274180368031 (0.2375966144513765),0.5322997416020672 (0.49917065675005173)
