dice_IRF,dice_SRF,dice_PED
0.5223709687329176 (0.4895476992636744),0.6757135927154306 (0.3787921455104041),0.38616389745290863 (0.48881781926368945)
