Vendor,dice_IRF
Cirrus,0.7018744573777259 (0.18434706377074625)
Spectralis,0.7103623648484548 (0.14722903768890236)
Topcon,0.7174397406324876 (0.1655774396728917)
