dice_IRF,dice_SRF,dice_PED
0.7478354978354979 (0.4344903628408732),0.8792934249263984 (0.32594594280130507),0.825503355704698 (0.3797180623179949)
