Volume,dice_PED
TRAIN005,0.6493473275233124 (0.14722517170457664)
TRAIN009,0.3285068755171129 (0.2201886150103299)
TRAIN011,0.22714804773303596 (0.14310379525198413)
TRAIN018,nan (nan)
TRAIN019,nan (nan)
TRAIN028,0.6917229403148998 (0.1278096410121596)
TRAIN030,0.7693237024359405 (0.165930769333617)
TRAIN035,0.5011171378816167 (0.23181138183880248)
TRAIN037,nan (nan)
TRAIN047,nan (nan)
TRAIN051,nan (nan)
TRAIN056,nan (nan)
TRAIN057,0.5371080342125385 (0.1355863771857647)
TRAIN059,nan (nan)
