dice_IRF,dice_SRF,dice_PED
0.5727091633466136 (0.494931671040257),0.7746938775510204 (0.41795439266711853),0.820627802690583 (0.3838358329065759)
