dice_IRF,dice_SRF,dice_PED
0.3876889848812095 (0.4874862763724831),0.4032674118658641 (0.49076460755645657),0.12661498708010335 (0.3326844794157962)
