Dice_Background,Dice_IRF,Dice_SRF,Dice_PED
0.9970007691511041,0.6350077547213556,0.7644684450096045,0.6255382385316255
