AllSlices,SlicesWithFLuid,SlicesWithoutFluid
0.39348961009077355 (0.3720384966795371),0.5335228197056092 (0.20146245137664348),0.2633863965267728 (0.44078927206251506)
