Vendor,dice_IRF,dice_SRF,dice_PED
Spectralis,0.16981132075471697 (0.37725065844765776),0.4084507042253521 (0.49504587922253335),0.13392857142857142 (0.3421062401311609)
