Vendor,dice_IRF
Cirrus,0.5833629154427935 (0.21828684487606814)
Spectralis,0.6698964152265997 (0.20548594121874866)
Topcon,0.7807740155019258 (0.1422086843118215)
