dice_IRF,dice_SRF,dice_PED
0.8170498084291188 (0.3868109819689396),0.929551692589204 (0.2560181861839722),0.8636363636363636 (0.3433403579914249)
