AllSlices,SlicesWithFLuid,SlicesWithoutFluid
0.41740045392500474 (0.38796093302511825),0.6402779264501942 (0.1980584566227572),0.20723226703755215 (0.40560555542262994)
