Vendor,dice_SRF
Cirrus,0.6452624858083094 (0.22053746052176018)
Spectralis,0.8732276705444836 (0.13598805462398617)
Topcon,0.6889758807821915 (0.22990580676623873)
