dice_IRF,dice_SRF,dice_PED
0.7460159362549801 (0.43550553215705734),0.8310204081632653 (0.3748869377378126),0.8017937219730942 (0.39882728964095016)
