Vendor,dice_PED
Cirrus,0.4517374517374517 (0.498146344024197)
Spectralis,0.4270833333333333 (0.49594780308585845)
Topcon,0.7073170731707317 (0.45549936860192014)
