Vendor,dice_SRF
Cirrus,0.8206389735389166 (0.3571209950031471)
Spectralis,0.6942533037948365 (0.408930042902121)
Topcon,0.8589664355854943 (0.33408811544280365)
