Vendor,dice_IRF
Cirrus,0.6634167211055423 (0.24579404081134837)
Spectralis,0.6056789457798004 (0.21750655306504477)
Topcon,0.6190078463081176 (0.19618148773383634)
