dice_IRF,dice_SRF,dice_PED
0.17828685258964144 (0.38294479138214427),0.4669387755102041 (0.4991095178324923),0.3219730941704036 (0.46744238903544894)
