Dice_Background,Dice_IRF,Dice_SRF,Dice_PED
0.9973218289554008,0.5835388828685042,0.8195660531014634,0.6715212006671964
