dice_IRF,dice_SRF,dice_PED
0.6406926406926406 (0.48005727889322886),0.8596663395485771 (0.3475034261614629),0.7375478927203065 (0.44017790638205345)
