Device,PSNR,SSIM,MSE
Spectralis,23.817731382978724 (1.7338204658073655),0.45552659574468085 (0.05941936236710623),0.004525482124200665 (0.00215514191837156)
