Vendor,dice_SRF
Cirrus,0.5904731340007856 (0.40525263020340563)
Spectralis,0.86420077827512 (0.307388314790763)
Topcon,0.8556290493961569 (0.30017462056296557)
