Vendor,dice_PED
Cirrus,0.30804383080103437 (0.41677672033829494)
Spectralis,0.5318223002917912 (0.4456514912522218)
Topcon,0.6247352534119273 (0.4265338928609482)
