Vendor,dice_IRF
Cirrus,0.5158526268579177 (0.2786757647275405)
Spectralis,0.6603098366289369 (0.18413940127036854)
Topcon,0.4510659610990573 (0.2510344595545399)
