dice_IRF,dice_SRF,dice_PED
0.5246600464603761 (0.28805609733924326),0.7449662069741049 (0.15561324246923894),0.5991347457023117 (0.2534089690842905)
