dice_IRF,dice_SRF,dice_PED
0.4938380363699823 (0.4380846285746839),0.8190879905673228 (0.3372658371100309),0.6872388107048184 (0.4156787043621356)
