dice_IRF,dice_SRF,dice_PED
0.764367816091954 (0.4245966816291094),0.797804208600183 (0.4018213229160904),0.776595744680851 (0.4167286243952935)
