dice_IRF,dice_SRF,dice_PED
0.1673498471970098 (0.35699991822375),0.4407329320123321 (0.41506435228925637),0.14054986236518935 (0.34880996808572345)
