dice_IRF,dice_SRF,dice_PED
0.6427052277433649 (0.42974409197860675),0.8177200925823783 (0.33155223714271115),0.7229437610879808 (0.39293157878523344)
