dice_IRF,dice_SRF,dice_PED
0.6733768324607032 (0.41888771551045156),0.8377823575093819 (0.31839265155255536),0.7169650349037358 (0.40028493584042496)
