Vendor,dice_PED
Cirrus,0.5080465594020027 (0.24872984781995033)
Spectralis,0.6277064277957647 (0.24168430756270123)
Topcon,0.6228685851298994 (0.20266503910330141)
