dice_IRF,dice_SRF,dice_PED
0.5423310063981267,0.6222575453211311,0.7445317681015629
