Vendor,dice_IRF
Cirrus,0.6360281583736651 (0.4235782938960462)
Spectralis,0.675869584935052 (0.3750571618588877)
Topcon,0.7724792202934623 (0.3630023249690573)
