AllSlices,SlicesWithFLuid,SlicesWithoutFluid
0.5232815562367571 (0.40397303907615706),0.6458772921590893 (0.20851851361967028),0.41624365482233505 (0.49324803384796634)
