Vendor,dice_SRF
Cirrus,0.6076759061833689 (0.48878964140229003)
Spectralis,0.7081081081081081 (0.45586657705430184)
Topcon,0.8337129840546698 (0.37276287906538047)
