AllSlices,SlicesWithFluid,SlicesWithoutFluid
0.7710255361158793 (0.37349867180978813),0.7010614274798794 (0.19751556789706762),0.7904849039341263 (0.4071488498059079)
