dice_IRF,dice_SRF,dice_PED
0.6542658251840234 (0.42332886178092655),0.7991586759921134 (0.35015550333757284),0.6643816573405672 (0.42266328098611483)
