dice_IRF,dice_SRF,dice_PED
0.799435401073708 (0.3248143659045068),0.9047598917664651 (0.23320847382002594),0.8414595205691732 (0.3333470730326528)
