Vendor,dice_SRF
Cirrus,0.7696737044145874 (0.42144632957359907)
Spectralis,0.8502994011976048 (0.3578507212995093)
Topcon,0.9494736842105264 (0.21925924592147064)
