dice_IRF,dice_SRF,dice_PED
0.2523515718597745 (0.3791604181032975),0.4452807571053633 (0.45728131656300697),0.326568521217909 (0.41564491253340513)
