Device,PSNR,SSIM,MSE
Spectralis,23.81259840425532 (1.4047566473559683),0.442406914893617 (0.06372019548037137),0.004405496474801305 (0.001758669359003985)
