Dice_Background,Dice_IRF,Dice_SRF,Dice_PED
0.9967256777004817,0.7091031996394772,0.817086273096628,0.614097350977568
