AllSlices,SlicesWithFLuid,SlicesWithoutFluid
0.24336522168262226 (0.3034211259755504),0.45390317835348204 (0.23800003880117665),0.04775687409551375 (0.21340586342286388)
