dice_IRF,dice_SRF,dice_PED
0.5925289605066139 (0.2281569341582835),0.7453218517383855 (0.16023117652891494),0.5993892548236349 (0.2592191901419088)
