AllSlices,SlicesWithFLuid,SlicesWithoutFluid
0.6665535629590281 (0.35925439342982224),0.6097268157600034 (0.2126963905104336),0.7198335644937587 (0.44939215123773835)
