dice_IRF,dice_SRF,dice_PED
0.4521072796934866 (0.49793953587269446),0.7694419030192132 (0.4213828616369641),0.6228239845261122 (0.4849140940128447)
