dice_IRF,dice_SRF,dice_PED
0.8735135135135135 (0.33257665373148276),0.8890799656061908 (0.3141681850622918),0.8191214470284238 (0.38508340327685325)
