dice_IRF,dice_SRF,dice_PED
0.5278884462151394 (0.49947043092845894),0.6179591836734694 (0.48608488086399254),0.7919282511210762 (0.4061105905090378)
