dice_IRF,dice_SRF,dice_PED
0.7319814313632078 (0.3762593407487399),0.8526188527071109 (0.3039763539521631),0.7298748552665081 (0.397946030084286)
