Vendor,dice_PED
Cirrus,0.43223025728948417 (0.42763600649875594)
Spectralis,0.6020385974523973 (0.4633832207054882)
Topcon,0.7519717892365796 (0.3948559491117836)
