Dice_Background,Dice_IRF,Dice_SRF,Dice_PED
0.9960764267483083,0.5622211787619475,0.641197043414871,0.6098352583265467
