Vendor,dice_SRF
Cirrus,0.7895359823014587 (0.38359872555978236)
Spectralis,0.8425734909812026 (0.31379517008038516)
Topcon,0.9336512448498979 (0.22126391198251727)
