Vendor,dice_SRF
Cirrus,0.7686545695585665 (0.4104089264879691)
Spectralis,0.8738106525674159 (0.2861670161341126)
Topcon,0.8445003709406592 (0.30336742226108016)
