vendor,Dice_Background,Dice_IRF,Dice_SRF,Dice_PED
Cirrus,0.9958888162816802,0.7148029451337431,0.8379997457419047,0.6932306378871959
Spectralis,0.9970375600228554,0.7505048747315348,0.865776939439929,0.7823164749838235
Topcon,0.9988972195369361,0.689190625686526,0.801782028167542,0.5864875726264023
