Dice_Background,Dice_IRF,Dice_SRF,Dice_PED
0.9680029285381803,0.3015254551953912,0.12356850956315452,0.3072451630594111
