dice_IRF,dice_SRF,dice_PED
0.6105022869483268 (0.2113455880592105),0.7835015342531041 (0.19025919101675837),0.5931489140631915 (0.24798793288913215)
