Dice_Background,Dice_IRF,Dice_SRF,Dice_PED
0.9911206235778236,0.23245132199994456,0.2658201005268467,0.27145327707994354
