vendor,Dice_Background,Dice_IRF,Dice_SRF,Dice_PED
Cirrus,0.9986487792470663,0.8029261557530732,0.5988670354093211,0.6623435964818827
Spectralis,0.996781548689225,0.7611389877944942,0.9395507893214315,0.7061338704218841
Topcon,0.9947705042278335,0.4990516150893777,0.7028926134899992,0.5960598396109702
