AllSlices,SlicesWithFLuid,SlicesWithoutFluid
0.6286199426156904 (0.39324736331590987),0.7257794135618618 (0.18760437729570242),0.5383502170767004 (0.49888821211242845)
