AllDevices,PSNR,SSIM,MSE
0,26.216223404255317 (1.4162273689715623),0.5384202127659574 (0.06597562391030955),0.0025300705957751564 (0.0009485825381511079)
