dice_IRF,dice_SRF,dice_PED
0.7040229885057471 (0.4566994680018045),0.8618481244281794 (0.3452172788066676),0.7553191489361702 (0.43010584784367134)
