Vendor,dice_PED
Cirrus,0.5847619047619048 (0.4932330156288087)
Spectralis,0.4382716049382716 (0.49771350516735996)
Topcon,0.7808988764044944 (0.41402515204733137)
