AllSlices,SlicesWithFLuid,SlicesWithoutFluid
0.5357758046397914 (0.399408184529069),0.6203562320469943 (0.20975209083734986),0.4619289340101523 (0.4988651263187856)
