dice_IRF,dice_SRF,dice_PED
0.7345596536345321 (0.36023952830223893),0.731246826974255 (0.4154023675124839),0.7023883400677917 (0.4214750638784202)
