dice_IRF,dice_SRF,dice_PED
0.520308116341037 (0.23334874930252264),0.6915252868821666 (0.17334533786698783),0.3659726218402723 (0.2170609075604989)
