vendor,Dice_Background,Dice_IRF,Dice_SRF,Dice_PED
Cirrus,0.9897380755261871,0.6938119466157057,0.05260130593814943,0.5798780181016218
Spectralis,0.9895047225087608,0.6994757928973118,0.9210134885381087,0.5643261649503158
Topcon,0.9892248217617551,0.2778026296536299,0.6778322744599746,0.6591554457698916
