AllSlices,SlicesWithFLuid,SlicesWithoutFluid
0.6631543299634588 (0.3675895215594217),0.6214715293478047 (0.22773122933270307),0.7018813314037626 (0.45776323585479617)
