Vendor,dice_IRF,dice_SRF,dice_PED
Spectralis,0.045833927366817205 (0.178185666006584),0.49824648925609755 (0.41168355776224574),0.0009414011024330792 (0.007874400737087622)
