dice_IRF,dice_SRF,dice_PED
0.42434841090264747 (0.2987315438416741),0.6829771965308916 (0.2651628677092906),0.6493272958620041 (0.1842449322044467)
