Vendor,dice_PED
Cirrus,0.5919871716723433 (0.1886400601345319)
Spectralis,0.5563977767790979 (0.20208673149732098)
Topcon,0.48487591676291875 (0.15588506809662214)
