AllSlices,SlicesWithFLuid,SlicesWithoutFluid
0.5309272063769395 (0.3961792517002945),0.6090315196872551 (0.21828756114561113),0.4576976421636616 (0.49855315397824446)
