Vendor,dice_IRF
Cirrus,0.5362467861588811 (0.450871710533256)
Spectralis,0.5140373900760802 (0.42964148359065396)
Topcon,0.8204245896558859 (0.3423351019786067)
