dice_IRF,dice_SRF,dice_PED
0.6903683014324534 (0.17692993327070972),0.7907058709408658 (0.1543456702342336),0.7967787294589251 (0.13528214441476447)
