Dice_Background,Dice_IRF,Dice_SRF,Dice_PED
0.996700320077243,0.695910052925147,0.8058562472955624,0.7191500405406832
