AllSlices,SlicesWithFluid,SlicesWithoutFluid
0.5443899993018289 (0.3875297962961708),0.6386189287722366 (0.2111047936405063),0.439873417721519 (0.49676479473599283)
