Vendor,dice_PED
Cirrus,0.4824036612976776 (0.17903733215343284)
Spectralis,0.6234730144341787 (0.19815212259363968)
Topcon,0.551797638915173 (0.16353938489964948)
