Vendor,dice_SRF
Cirrus,0.8974998963001781 (0.29144879297082404)
Spectralis,0.9226780003126787 (0.20523297865845816)
Topcon,0.8746352741494775 (0.2866470129667431)
