Vendor,dice_IRF
Cirrus,0.6339742117683301 (0.22564054821886612)
Spectralis,0.6690070475850787 (0.1515943913074796)
Topcon,0.5694328603392418 (0.2581736634860347)
