Vendor,dice_SRF
Cirrus,0.6613833367824554 (0.4214100239767303)
Spectralis,0.8562526834254363 (0.3134351522168557)
Topcon,0.9131621104731623 (0.2523646948693363)
