vendor,Dice_Background,Dice_IRF,Dice_SRF,Dice_PED
Cirrus,0.9435235531183271,0.16688955717810672,0.07670847088165998,0.3468080723829092
Spectralis,0.9884262298625844,0.6236448758553144,0.7091013023350269,0.5413194338511219
Topcon,0.989783479664323,0.2221911769271367,0.31324532231516006,0.09778906321526598
