AllSlices,SlicesWithFluid,SlicesWithoutFluid
0.39855741812406403 (0.3946794561706483),0.40871091332286597 (0.2193992214938119),0.390625 (0.491747370293402)
