dice_IRF,dice_SRF,dice_PED
0.6708394581666677 (0.41598848686816414),0.8100056141220252 (0.34386585615786786),0.6224612022197419 (0.4360704496417027)
