Vendor,dice_IRF
Cirrus,0.6405705396609847 (0.15679831711209385)
Spectralis,0.6704503334598777 (0.17885278148367012)
Topcon,0.6746669728489756 (0.2209312635684374)
