Vendor,dice_PED
Cirrus,0.5941346423781436 (0.1500917268692078)
Spectralis,0.5662036003705896 (0.2177808271626148)
Topcon,0.6178701409000031 (0.12620175722429644)
