dice_IRF,dice_SRF,dice_PED
0.6214439020390138 (0.43604418820867497),0.7292288773604478 (0.3996400025164179),0.6969406485317392 (0.4048776210561478)
