Vendor,dice_IRF,dice_SRF,dice_PED
Cirrus,0.766107364286654 (0.3485909532594553),0.9001938060391694 (0.2064651699599727),0.9292811521736439 (0.18784049510279044)
Spectralis,0.37761460817514025 (0.3749336288813434),0.7603692875832927 (0.376793093927045),0.8518136793405425 (0.3049296748167542)
Topcon,0.7538746899744082 (0.3753744632163214),0.9096888208037449 (0.2514460356213139),0.7351073765312321 (0.4283906012865655)
