dice_IRF,dice_SRF,dice_PED
0.5608648589034578 (0.21819990034906683),0.7213317607774546 (0.15568911052595538),0.5945311435819001 (0.23478214614035037)
