dice_IRF,dice_SRF,dice_PED
0.6851582606976316 (0.4003396064470817),0.8636865502381271 (0.294029891413052),0.7667966072750819 (0.3776386012230921)
