AllSlices,SlicesWithFluid,SlicesWithoutFluid
0.69273632269422 (0.4300231981328842),0.7683658839294596 (0.20257313967367724),0.6732673267326733 (0.46922980750994514)
