Vendor,dice_IRF
Cirrus,0.7289856994152069 (0.15712552881737968)
Spectralis,0.6673203738807123 (0.15745976922828067)
Topcon,0.5407040917309763 (0.22035078898057145)
