AllSlices,SlicesWithFLuid,SlicesWithoutFluid
0.6807180905085133 (0.3647596467078908),0.6361327330963367 (0.2373440204345252),0.7221418234442837 (0.44826756713041155)
