AllDevices,PSNR,SSIM,MSE
0,23.825601063829787 (1.4558756578403935),0.4347473404255319 (0.06794505618199509),0.004406658071526723 (0.0017720548540359606)
