dice_IRF,dice_SRF,dice_PED
0.5941305488147625 (0.23442107186861735),0.7611040296922823 (0.1836784078407314),0.5707933033667987 (0.2591361224615153)
