dice_IRF,dice_SRF,dice_PED
0.20972972972972972 (0.4073359128809365),0.46001719690455717 (0.4986132228526392),0.363479758828596 (0.48120855555921904)
