Dice_Background,Dice_IRF,Dice_SRF,Dice_PED
0.9852288677387141,0.33106649708549624,0.2994250051108046,0.28228396553112667
