dice_IRF,dice_SRF,dice_PED
0.2780770802372552 (0.3749501197279851),0.493743292420098 (0.4716076553960805),0.3634033465409667 (0.42180314698717286)
