AllSlices,SlicesWithFluid,SlicesWithoutFluid
0.5630291945493661 (0.44413915115534286),0.5827872859103702 (0.23467568344383424),0.5560928433268859 (0.49708405786913773)
