dice_IRF,dice_SRF,dice_PED
0.5805674928633586 (0.2660678624019855),0.7409482674955047 (0.17616138243110302),0.5899309240789576 (0.27719825511661594)
