vendor,Dice_Background,Dice_IRF,Dice_SRF,Dice_PED
Cirrus,0.9930454494440497,0.4468431847378854,0.48769761678856954,0.24263039315617282
Spectralis,0.9942620715708921,0.6326141885325559,0.7243396634186219,0.5037869242294423
Topcon,0.9984895634016107,0.6447004879195815,0.47466853354669103,0.41368134220561226
