Vendor,dice_IRF,dice_SRF,dice_PED
Cirrus,0.7342621818999759,0.8552322251955047,0.8358691083500162
Spectralis,0.6355153803466534,0.8457340680214823,0.6887366782531751
Topcon,0.685596869623987,0.7812507041788195,0.7305104441707954
