Dice_Background,Dice_IRF,Dice_SRF,Dice_PED
0.9834320940481915,0.47282592537535306,0.4683430447116994,0.35811011588912
