AllSlices,SlicesWithFLuid,SlicesWithoutFluid
0.5337827628753514 (0.40214680656213464),0.650964183145376 (0.2002360495344666),0.43147208121827413 (0.4955962260709721)
