Vendor,dice_IRF,dice_SRF,dice_PED
Cirrus,0.8785310734463276 (0.3271338151674937),0.9573863636363636 (0.20227196336602643),0.9532019704433498 (0.21146658632490906)
Spectralis,0.2992125984251969 (0.4597266377178089),0.7716049382716049 (0.42110017630580354),0.9 (0.30075282427025135)
Topcon,0.8674418604651163 (0.3394915506002049),0.9030303030303031 (0.29621585898168296),0.738404452690167 (0.4399117599701815)
