Dice_Background,Dice_IRF,Dice_SRF,Dice_PED
0.9881927255133502,0.2683685809719976,0.5699806861988204,0.3111409912582184
