vendor,Dice_Background,Dice_IRF,Dice_SRF,Dice_PED
Cirrus,0.996292736083956,0.6008946002718398,0.741720776106918,0.6292245516770376
Spectralis,0.9971686386408841,0.634032051853834,0.8351118538481997,0.607299612337588
Topcon,0.998114711921352,0.701994586573209,0.47773406766325727,0.5862431114353038
