Dice_Background,Dice_IRF,Dice_SRF,Dice_PED
0.9967855905547969,0.6837929452351881,0.8169673532269458,0.7095900594104807
