Vendor,dice_IRF
Cirrus,0.47826417882461103 (0.4423749843630222)
Spectralis,0.6948805714140133 (0.35692474878714975)
Topcon,0.7351471277194962 (0.3871197579429302)
