AllSlices,SlicesWithFluid,SlicesWithoutFluid
0.46335645313604695 (0.44972391594003736),0.6840467356227482 (0.19256256469219843),0.3858800773694391 (0.4870380370117087)
