Vendor,dice_PED
Cirrus,0.3302919708029197 (0.470747884652003)
Spectralis,0.19130434782608696 (0.39504945668427977)
Topcon,0.2079646017699115 (0.40630105664805016)
