Vendor,dice_IRF,dice_SRF,dice_PED
Spectralis,0.5094339622641509 (0.5022858798744932),0.7464788732394366 (0.4381229396659908),0.39285714285714285 (0.49058051395182894)
