AllSlices,SlicesWithFLuid,SlicesWithoutFluid
0.570874102475487 (0.3869157312078769),0.5969099425417977 (0.2087178726885038),0.5464632454923717 (0.4981820858492593)
