AllSlices,SlicesWithFLuid,SlicesWithoutFluid
0.6663172597754453 (0.3680784226564335),0.6342693259823499 (0.22693167227836678),0.6960926193921853 (0.4602763033952398)
