dice_IRF,dice_SRF,dice_PED
0.6387507144490289,0.8256956798269708,0.717758589128657
