dice_IRF,dice_SRF,dice_PED
0.30770517945116554 (0.238989354371776),0.33739635900592996 (0.2663873822220072),0.32845686810950353 (0.21468793988943238)
