Dice_Background,Dice_IRF,Dice_SRF,Dice_PED
0.9971187166716483,0.7204402098201378,0.84472889750648,0.7001806821668657
