Dice_Background,Dice_IRF,Dice_SRF,Dice_PED
0.9971173246016265,0.6260248747119996,0.7452180329861215,0.6108160900104974
