dice_IRF,dice_SRF,dice_PED
0.6202354296121956 (0.24890893064564742),0.7878058393290088 (0.18426953639986998),0.5632745660054658 (0.2893222989588069)
