dice_IRF,dice_SRF,dice_PED
0.8151340996168582 (0.3883747896120287),0.7145471180237878 (0.4518366070111716),0.7011605415860735 (0.45797082571100195)
