dice_IRF,dice_SRF,dice_PED
0.6609195402298851 (0.47362407798764267),0.8572735590118938 (0.3499537845022017),0.769825918762089 (0.4211478445112518)
