Device,PSNR,SSIM,MSE
Spectralis,26.216223404255317 (1.4162273689715623),0.5384202127659574 (0.06597562391030944),0.0025300705957751564 (0.000948582538151108)
