dice_IRF,dice_SRF,dice_PED
0.436021628071236 (0.4306907708518789),0.566803070741799 (0.4664812994148441),0.4195436938592614 (0.434369446797312)
