dice_IRF,dice_SRF,dice_PED
0.6894181327403867 (0.3938713300005344),0.8785974980742075 (0.269855490580911),0.8311388973993461 (0.34286932577916285)
