Device,PSNR,SSIM,MSE
Cirrus,20.40694003527337 (0.5488088424602586),0.15909611992945324 (0.02762065760126461),0.009178904500729166 (0.0011741276331736872)
Spectralis,24.275808510638296 (1.5459913136562944),0.46202393617021276 (0.06901668947096715),0.004006219926869814 (0.0017448979681877537)
T-1000,21.720325396825398 (0.9132372638419669),0.18483730158730158 (0.02304476238036849),0.006942042892443992 (0.002540868288120749)
T-2000,22.43569365079365 (0.6174729204036391),0.2512793650793651 (0.038418224671080727),0.0057681587395361725 (0.0008963408941862328)
