AllSlices,SlicesWithFluid,SlicesWithoutFluid
0.7454961407649662 (0.35544928798456943),0.7085976878149529 (0.13655805622791406),0.7643243243243243 (0.4246499738933235)
