vendor,Dice_Background,Dice_IRF,Dice_SRF,Dice_PED
Cirrus,0.9954926321544948,0.6674986737722075,0.7809672258624324,0.6723510381423733
Spectralis,0.9966907433886961,0.7221345271593663,0.8609570837148769,0.8010996538955777
Topcon,0.9988825226366587,0.7113214531225213,0.7729010369379271,0.5884001441260073
