vendor,Dice_Background,Dice_IRF,Dice_SRF,Dice_PED
Cirrus,0.9964979152339187,0.5316995246858744,0.813410668735821,0.6353573312356614
Spectralis,0.9977279584971062,0.6872287915531042,0.9052997087297355,0.7409166560287873
Topcon,0.9983313913617831,0.7765647288470683,0.6194807312521515,0.6337589624257315
