AllDevices,PSNR,SSIM,MSE
0,23.618266722408027 (1.5346282708414678),0.33257775919732446 (0.11636205115811456),0.004613771835298442 (0.0015964006792130718)
