dice_IRF,dice_SRF,dice_PED
0.5160954153134721 (0.44681692634107856),0.7804472836623809 (0.36463637742565447),0.5116784574947958 (0.44905798211512205)
