AllSlices,SlicesWithFLuid,SlicesWithoutFluid
0.39917686463492674 (0.38644581968868386),0.6034666456412091 (0.21213463872520294),0.22081218274111675 (0.4150575658594677)
