dice_IRF,dice_SRF,dice_PED
0.32937365010799136 (0.4702397740509911),0.5674978503869303 (0.49563622315268185),0.42204995693367786 (0.4940992510781072)
