Dice_Background,Dice_IRF,Dice_SRF,Dice_PED
0.996905691408564,0.6124221944114538,0.7830273389470022,0.640111942854347
