Device,PSNR,SSIM
Cirrus,19.345775132275133 (0.3463753781829967),0.12837566137566137 (0.017411381174361588)
Spectralis,23.063606382978723 (1.3582629963740993),0.40445478723404255 (0.05662784312527957)
T-1000,20.60390476190476 (0.8939518105016319),0.15325396825396825 (0.018307221707849142)
T-2000,21.233763492063492 (0.5747396061533153),0.21366031746031744 (0.03836058746689444)
