dice_IRF,dice_SRF,dice_PED
0.6517559015803425 (0.4149310943582164),0.8477261112716443 (0.311665218553205),0.7378114752096961 (0.3996096292680251)
