Dice_Background,Dice_IRF,Dice_SRF,Dice_PED
0.9970281041095383,0.6068829593693147,0.7759049934644064,0.6479297035508141
