AllSlices,SlicesWithFluid,SlicesWithoutFluid
0.5709003620548349 (0.44702336680678956),0.5896902848934306 (0.1840655779038847),0.5656759348034516 (0.4959056919834816)
