vendor,Dice_Background,Dice_IRF,Dice_SRF,Dice_PED
Cirrus,0.9658475549789789,0.40992175463598923,0.016702971011379325,0.048043587147739875
Spectralis,0.9896973127627806,0.6391462999683206,0.8823305100676188,0.5733783962961059
Topcon,0.9819388546682104,0.08370792378805901,0.3986211412174784,0.35184110949703445
