Vendor,dice_IRF,dice_SRF,dice_PED
Cirrus,0.4745953863866295 (0.24928148024726088),0.7681201793253422 (0.16406957085303245),0.7150167540278075 (0.2386874866689393)
Spectralis,0.38986889879090775 (0.20351545423305353),0.6139075309038162 (0.3421808293425971),0.6376503521369563 (0.2215277349773048)
Topcon,0.47908240602961905 (0.27018383169084076),0.6895000573247672 (0.2825608687335667),0.5339821226273974 (0.26615453386418425)
