Vendor,dice_SRF
Cirrus,0.8662717961007729 (0.26318210091635197)
Spectralis,0.8818559201700347 (0.2800857328211226)
Topcon,0.9563282990628588 (0.175254068748992)
