dice_IRF,dice_SRF,dice_PED
0.7072428602265916 (0.3848681483286403),0.8151659306598106 (0.35545180038671426),0.7647785543953762 (0.36427810018991186)
