dice_IRF,dice_SRF,dice_PED
0.5423310063981267 (0.4346629950682451),0.6222575453211311 (0.4585201504915579),0.7445317681015629 (0.3727768771616455)
