dice_IRF,dice_SRF,dice_PED
0.7067099567099567 (0.4555168011029948),0.8861629048086359 (0.3177692644978904),0.8360498561840843 (0.37040793692692786)
