Vendor,dice_IRF,dice_SRF,dice_PED
Spectralis,0.4716981132075472 (0.5015698625755192),0.6619718309859155 (0.4764050489066445),0.2767857142857143 (0.4494204762566615)
