Vendor,dice_SRF
Cirrus,0.48679541700985285 (0.4738736645773951)
Spectralis,0.8150064670300226 (0.3427690248597998)
Topcon,0.8758189958607545 (0.2852238046226774)
