dice_IRF,dice_SRF,dice_PED
0.6741698035695224 (0.39947442063404703),0.7978491944672292 (0.3699697980879971),0.685923826769701 (0.4084861702835652)
