dice_IRF,dice_SRF,dice_PED
0.6082089620097777 (0.22397740687280626),0.7315753427634676 (0.22913924603864025),0.6576830147148995 (0.16172596252077348)
