Vendor,dice_IRF,dice_SRF,dice_PED
Spectralis,0.45471681484527754 (0.4870090425468247),0.5794004420177978 (0.40245128402029196),0.2297549055595147 (0.4207127427536205)
