AllSlices,SlicesWithFluid,SlicesWithoutFluid
0.5195605278615827 (0.43540198935082736),0.6416765659400341 (0.2045844171104034),0.46215139442231074 (0.4988139002341928)
