dice_IRF,dice_SRF,dice_PED
0.19123804314356102 (0.37801663140066183),0.4553899444443615 (0.41847695852403954),0.13197422570042444 (0.3393965256976276)
