dice_IRF,dice_SRF,dice_PED
0.6047146115452051 (0.2527380554883265),0.4663174509309059 (0.17058694223980686),0.0960296168923378 (0.01488850067701885)
