Vendor,dice_SRF
Cirrus,0.47058823529411764 (0.49957965524305853)
Spectralis,0.8218390804597702 (0.3837524754246222)
Topcon,0.9099307159353349 (0.2866121472763924)
