AllDevices,PSNR,SSIM
0,20.226058110367894 (1.7097425480106354),0.19967809364548494 (0.10750617099210218)
