Vendor,dice_IRF
Cirrus,0.5830066437483765 (0.45528166882189897)
Spectralis,0.6892996724162783 (0.3437252930391444)
Topcon,0.3099904761693324 (0.41854401303316296)
