Dice_Background,Dice_IRF,Dice_SRF,Dice_PED
0.9972851048996232,0.5949013325714753,0.8275497529861131,0.6612338242680297
