dice_IRF,dice_SRF,dice_PED
0.7980241492864983 (0.4016948208360431),0.9326065411298315 (0.25082650045437194),0.8593886462882097 (0.347772095079142)
