Vendor,dice_SRF
Cirrus,0.802246923799868 (0.14328302067051762)
Spectralis,0.8558229375303837 (0.12309947700652812)
Topcon,0.6365030607799205 (0.24644800414105464)
