dice_IRF,dice_SRF,dice_PED
0.5930165650040986 (0.4379947781819339),0.46031658287889826 (0.4729332307083391),0.5958043047467367 (0.4399329884752024)
