dice_IRF,dice_SRF,dice_PED
0.6266663880324213 (0.21201250088236076),0.7610640325225316 (0.2141554249647409),0.5847406281618069 (0.27028658088737045)
