Dice_Background,Dice_IRF,Dice_SRF,Dice_PED
0.9845572721899911,0.2835691061003068,0.31508647465205303,0.24764574988874055
