Vendor,dice_IRF
Cirrus,0.4818181818181818 (0.5002380878575559)
Spectralis,0.5811965811965812 (0.49548506778913537)
Topcon,0.5637583892617449 (0.4964738575888449)
