dice_IRF,dice_SRF,dice_PED
0.6859794764725984 (0.394705148630165),0.8761683147985816 (0.2721754404916264),0.8281298070403807 (0.34522066575055854)
