dice_IRF,dice_SRF,dice_PED
0.4526392746333514 (0.24778731338248494),0.7093156857520156 (0.2582152960913428),0.6615475838914274 (0.24903277005128774)
