dice_IRF,dice_SRF,dice_PED
0.7000479725767482 (0.3891853512121558),0.8218922439917196 (0.34896914139885526),0.7706472239505026 (0.3537810369882573)
