AllSlices,SlicesWithFLuid,SlicesWithoutFluid
0.6348642822799694 (0.3782527526305737),0.6429283220429457 (0.2158475276076225),0.627260083449235 (0.4838703387125386)
