vendor,Dice_Background,Dice_IRF,Dice_SRF,Dice_PED
Cirrus,0.9739350678081835,0.26150584037899705,0.2003991363679728,0.4574882930045891
Spectralis,0.9951931640195951,0.6527745187502716,0.9133177669284653,0.7479224655843419
Topcon,0.9851295910847709,0.129093375748503,0.3396503886166625,0.6163615283942188
