AllSlices,SlicesWithFluid,SlicesWithoutFluid
0.6518397879355201 (0.44253750335116887),0.6553550078150104 (0.21267290647479842),0.6511056511056511 (0.47681577651157253)
