AllSlices,SlicesWithFLuid,SlicesWithoutFluid
0.7111357968071418 (0.3443273799691294),0.6432149799749534 (0.22142939854666496),0.7742402315484804 (0.41838453313606433)
