AllSlices,SlicesWithFLuid,SlicesWithoutFluid
0.6843893205424224 (0.3577576661863225),0.6375248664845001 (0.21960265983805938),0.7279305354558611 (0.4453478377818391)
