vendor,Dice_Background,Dice_IRF,Dice_SRF,Dice_PED
Cirrus,0.9710735602236336,0.41635308660132436,0.3901956393106756,0.2666646483414471
Spectralis,0.9931588574502863,0.5567576209763376,0.8944268249671972,0.7271510232820998
Topcon,0.9937249740951377,0.5854754634862261,0.4344593989815002,0.44322926113200767
