AllSlices,SlicesWithFLuid,SlicesWithoutFluid
0.17301815775534068 (0.2610428186841597),0.34502151285884136 (0.25535462291793226),0.02284263959390863 (0.14949653962121062)
