dice_IRF,dice_SRF,dice_PED
0.5454545454545454 (0.4981992590556799),0.8243375858684985 (0.3807195491675352),0.7708533077660594 (0.42048543895412777)
