AllSlices,SlicesWithFluid,SlicesWithoutFluid
0.35846017057631624 (0.38471289206417497),0.397289188914001 (0.2250078989643165),0.328125 (0.4732423621500228)
