Vendor,dice_IRF
Cirrus,0.7834192885551602 (0.32417990611548847)
Spectralis,0.8239781981220051 (0.26349532333253206)
Topcon,0.6605373152997345 (0.4106134682455985)
