AllDevices,PSNR,SSIM,MSE
0,21.98829195402299 (1.6830385549438682),0.257280459770115 (0.1190330912119375),0.006773297432132094 (0.002355416956085585)
