vendor,Dice_Background,Dice_IRF,Dice_SRF,Dice_PED
Cirrus,0.9963501916412245,0.48657293774254534,0.8093700209840752,0.6707270866738414
Spectralis,0.9975932370235394,0.6546181344917051,0.897682263973439,0.762082764239331
Topcon,0.9983978544198692,0.7671345387680049,0.6871969719346958,0.6301093523742947
