Dice_Background,Dice_IRF,Dice_SRF,Dice_PED
0.9960814327556433,0.548043083396502,0.6440422856013036,0.4752810967519873
