dice_IRF,dice_SRF,dice_PED
0.6033959951729245 (0.2231916405205458),0.709263080679088 (0.2302504436818087),0.6350118498991236 (0.14946670506615523)
