AllDevices,PSNR,SSIM,MSE
0,21.924962650066693 (1.7195488058149007),0.25999822143174744 (0.12088594590995047),0.006883838292867237 (0.0024162254351459077)
