AllSlices,SlicesWithFluid,SlicesWithoutFluid
0.37259079417282265 (0.43989882468106883),0.5547146590760172 (0.2150084045093172),0.3267605633802817 (0.46924924435795246)
