Dice_Background,Dice_IRF,Dice_SRF,Dice_PED
0.9760262938422173,0.4225991385943621,0.24264112308838587,0.2498652743448912
