dice_IRF,dice_SRF,dice_PED
0.5730520454314301 (0.24294971792763687),0.6432356051553367 (0.28821577763894296),0.598140968747664 (0.17481251241613807)
