dice_IRF,dice_SRF,dice_PED
0.45496296431975203 (0.24784283120228826),0.7104026695460449 (0.2578345922038415),0.6590859054964273 (0.25065187657397453)
