Vendor,dice_IRF,dice_SRF,dice_PED
Spectralis,0.44339622641509435 (0.4991457212410454),0.647887323943662 (0.48102840870356006),0.23214285714285715 (0.42409719388181516)
