AllDevices,PSNR,SSIM,MSE
0,21.687785535117058 (1.638382330089074),0.23370443143812708 (0.11279823619303089),0.007231835790607692 (0.0024550790599267647)
