AllSlices,SlicesWithFLuid,SlicesWithoutFluid
0.7325471742124076 (0.3365346415742946),0.640942964525139 (0.24167692656637194),0.8176555716353111 (0.3864078382086171)
