Dice_Background,Dice_IRF,Dice_SRF,Dice_PED
0.9818172251028422,0.24658529950957592,0.3115954664341761,0.5549811871121272
