AllSlices,SlicesWithFluid,SlicesWithoutFluid
0.7418621703364033 (0.32618281758148154),0.7017150828222904 (0.21769043967657045),0.7863924050632911 (0.41017752463681617)
