vendor,Dice_Background,Dice_IRF,Dice_SRF,Dice_PED
Cirrus,0.9955677881422043,0.6214082594789538,0.8515308163417514,0.5856138600966319
Spectralis,0.9969629536972257,0.7327443390558362,0.8979405034324943,0.8594803899820559
Topcon,0.9989264827260737,0.7106205945992511,0.8142812483718023,0.6113344590067272
