dice_IRF,dice_SRF,dice_PED
0.39622427341824257 (0.24746259910818327),0.575560425784866 (0.28041871974368604),0.43488708081104144 (0.2273757821668824)
