dice_IRF,dice_SRF,dice_PED
0.5575258962722941 (0.2176079674453998),0.5705667134184557 (0.21628152769977985),0.38376573920571083 (0.18704353189677278)
