Vendor,dice_IRF,dice_SRF,dice_PED
Cirrus,0.5555961844976991,0.8370940529042855,0.6722046321243397
Spectralis,0.7611656603156304,0.8530335228053891,0.8476824584664131
Topcon,0.8286803943171565,0.9075017065208938,0.8576935504773117
