Volume,dice_SRF
TRAIN008,0.872452788753435 (0.31578724344864206)
TRAIN017,0.953125 (0.21220162006698987)
TRAIN019,0.984375 (0.12450690143095285)
TRAIN021,0.8494216927474554 (0.32425534793010363)
TRAIN023,0.828125 (0.3787541741148852)
TRAIN025,1.0 (0.0)
TRAIN031,0.9795918367346939 (0.14285714285714285)
TRAIN035,0.9271979307641789 (0.06477325733102554)
TRAIN037,0.783922233751842 (0.3426748586480582)
TRAIN053,0.8491615676321089 (0.2503620298259433)
TRAIN057,0.8208898031152785 (0.27470457504251533)
TRAIN060,0.9140625 (0.2813730045980521)
TRAIN065,1.0 (0.0)
TRAIN070,0.7890625 (0.4095771537596913)
