vendor,Dice_Background,Dice_IRF,Dice_SRF,Dice_PED
Cirrus,0.9953883402456201,0.7139832161285649,0.7829774814297014,0.714596914945981
Spectralis,0.9960435615963217,0.6940070938054053,0.8546321083799789,0.7779993515635757
Topcon,0.9989021503741168,0.6417443498889481,0.8239157240122232,0.6366078354692498
