AllDevices,PSNR,SSIM,MSE
0,21.69148954849498 (1.669037530815809),0.24672491638795985 (0.11262396208642665),0.007230055759211981 (0.0024140035416450193)
