Device,PSNR,SSIM,MSE
Spectralis,23.628438829787232 (1.4161842559903297),0.430375 (0.06585940833826756),0.004597591498787416 (0.0018077755515543113)
