Dice_Background,Dice_IRF,Dice_SRF,Dice_PED
0.9973884271598905,0.6151403895937843,0.8197821318141892,0.6533728708669145
