vendor,Dice_Background,Dice_IRF,Dice_SRF,Dice_PED
Cirrus,0.9794583327298279,0.23937089888476393,0.23500362372842404,0.2543943499581288
Spectralis,0.9968542845570357,0.73664980505763,0.8808819294606675,0.7732100328775399
Topcon,0.9893990172320247,0.26458038662167516,0.4031934437887857,0.10047523704075652
