dice_IRF,dice_SRF,dice_PED
0.5188679245283019 (0.5020174930640545),0.7605633802816901 (0.4297769764621901),0.4107142857142857 (0.4941745584391149)
