Device,PSNR,SSIM,MSE
Spectralis,25.826718085106382 (0.9568916485050536),0.5456728723404255 (0.05928072791496108),0.0026829159630343633 (0.0006703339331403408)
