Vendor,dice_IRF
Cirrus,0.45201123203285515 (0.2811081858970983)
Spectralis,0.5875195361016428 (0.22984480362912035)
Topcon,0.7058672621454063 (0.2108135985056856)
