vendor,Dice_Background,Dice_IRF,Dice_SRF,Dice_PED
Cirrus,0.9745454504695186,0.18866858957267857,0.12844782579558575,0.2119336607207452
Spectralis,0.9916159185496243,0.6400989211413026,0.8044972722591485,0.5918207855065385
Topcon,0.9952697458985842,0.2969536708392089,0.30492682157652556,0.1726945654232153
