AllSlices,SlicesWithFluid,SlicesWithoutFluid
0.07822572963573692 (0.12216453084336078),0.17835466356948018 (0.12725583961597656),0.0 (0.0)
