Vendor,dice_PED
Cirrus,0.30464598397375087 (0.39183791198707785)
Spectralis,0.5553317781613798 (0.4601478092455165)
Topcon,0.6256277402696598 (0.445712923644181)
