Dice_Background,Dice_IRF,Dice_SRF,Dice_PED
0.996219028693856,0.5809581685280104,0.5428253414536162,0.43574295132987984
