Vendor,dice_PED
Cirrus,0.22941176470588234 (0.4208673417018972)
Spectralis,0.437125748502994 (0.49752290229588864)
Topcon,0.5854341736694678 (0.4933383690297864)
