AllSlices,SlicesWithFLuid,SlicesWithoutFluid
0.6979379792702395 (0.3528121015547623),0.6445713230686202 (0.2260113319759095),0.7482614742698191 (0.43431392899330395)
