AllSlices,SlicesWithFluid,SlicesWithoutFluid
0.22218013522133492 (0.3067415346518646),0.28657070830464365 (0.1534348619825803),0.171875 (0.38025419651629616)
