dice_IRF,dice_SRF,dice_PED
0.627704762853682 (0.23555536313525144),0.7787927727980218 (0.17575467357424024),0.5824937312767423 (0.2540494268792349)
