dice_IRF,dice_SRF,dice_PED
0.6858065543110802 (0.39964630850515476),0.8205511597979364 (0.3364058365007677),0.7156845433714353 (0.40689037352921603)
