AllDevices,PSNR,SSIM,MSE
0,25.826718085106382 (0.9568916485050559),0.5456728723404255 (0.059280727914961195),0.0026829159630343633 (0.0006703339331403407)
