dice_IRF,dice_SRF,dice_PED
0.5694316084478209 (0.24260325111446512),0.7250811525032317 (0.15771343653905626),0.5789013093795381 (0.2699311478185185)
