AllDevices,PSNR,SSIM,MSE
0,23.769507936507935 (0.5543984320420695),0.3163928571428572 (0.02627635138301007),0.004239963547747937 (0.0007452207447593987)
