Vendor,dice_SRF
Cirrus,0.5929549902152642 (0.49176480502405107)
Spectralis,0.7833333333333333 (0.41312273123304716)
Topcon,0.7238095238095238 (0.4476454038034032)
