AllSlices,SlicesWithFLuid,SlicesWithoutFluid
0.1625237893658573 (0.23650106076283814),0.3358944100073018 (0.2379009166312315),0.001447178002894356 (0.03804179284542667)
