dice_IRF,dice_SRF,dice_PED
0.6312260536398467 (0.482703745278596),0.7429094236047575 (0.43722982032459506),0.7504835589941973 (0.4329425626525416)
