AllSlices,SlicesWithFLuid,SlicesWithoutFluid
0.530317007238012 (0.39745109952736796),0.6033326318217497 (0.2255475306058755),0.4618585298196949 (0.49888919607302695)
