dice_IRF,dice_SRF,dice_PED
0.27715786966513467 (0.2875097555885875),0.4426702681819415 (0.33142804215611327),0.36250382589567787 (0.2139411182848777)
