Dice_Background,Dice_IRF,Dice_SRF,Dice_PED
0.9972258253284502,0.6003124055860563,0.8296678810216651,0.6755958169839718
