AllSlices,SlicesWithFluid,SlicesWithoutFluid
0.2476735823591681 (0.3282847120415054),0.28469576777890326 (0.1510867754434992),0.21875 (0.4166666666666667)
