dice_IRF,dice_SRF,dice_PED
0.7250996015936255 (0.44668658288541757),0.8391836734693877 (0.3675114862744893),0.831390134529148 (0.3745749779225903)
