AllDevices,PSNR,SSIM,MSE
0,21.72874914089347 (1.8001373506182232),0.25751718213058417 (0.11343048529703369),0.007240926065158956 (0.0025218035249666725)
