dice_IRF,dice_SRF,dice_PED
0.6569264069264069 (0.4749929246159145),0.8469087340529932 (0.3602522616934861),0.7488015340364333 (0.43391048936474663)
