dice_IRF,dice_SRF,dice_PED
0.7199372023341245 (0.38526760990942216),0.8742468368711994 (0.28034513514017223),0.79846183356458 (0.35446484287843844)
