Vendor,dice_SRF
Cirrus,0.9125412541254125 (0.28273951002060005)
Spectralis,0.9481481481481482 (0.22255365003088012)
Topcon,0.8801652892561983 (0.3251041775278902)
