AllSlices,SlicesWithFLuid,SlicesWithoutFluid
0.6371794264611285 (0.38037438964274556),0.6267292452845549 (0.23281472813969556),0.6468885672937771 (0.47828317732247655)
