dice_IRF,dice_SRF,dice_PED
0.634071647738332 (0.22669566289368862),0.76540246024538 (0.1827799565879606),0.5598026440302232 (0.24620458017161023)
