AllSlices,SlicesWithFLuid,SlicesWithoutFluid
0.5782980485219852 (0.39379513281224426),0.6171045343291426 (0.213615574679754),0.5444162436548223 (0.49833959562667046)
