vendor,Dice_Background,Dice_IRF,Dice_SRF,Dice_PED
Cirrus,0.9982925985443714,0.7828248493075827,0.31296730919677324,0.6286499352697175
Spectralis,0.9952714652703036,0.7096773323006383,0.9177222652265072,0.5319333124374991
Topcon,0.9945853827203178,0.4166665700394587,0.5732211582759819,0.6475812986879241
