dice_IRF,dice_SRF,dice_PED
0.6201353516238388 (0.23910662300686025),0.7735163077925611 (0.16975252396077883),0.5962825429690038 (0.26364348444631647)
