dice_IRF,dice_SRF,dice_PED
0.7283549783549783 (0.4450487204355511),0.8341511285574092 (0.3721275589945784),0.8207094918504314 (0.38377941092949264)
