dice_IRF,dice_SRF,dice_PED
0.7643243243243243 (0.4246499738933235),0.8503869303525365 (0.35684519112837565),0.7967269595176572 (0.40260740957748875)
