dice_IRF,dice_SRF,dice_PED
0.5817117013414075 (0.23265570352839787),0.6916387745613358 (0.2198715568129545),0.5630096735076726 (0.14595969382512736)
