Dice_Background,Dice_IRF,Dice_SRF,Dice_PED
0.9962986098488139,0.6186114419270764,0.6696547637098391,0.46714704663801715
