dice_IRF,dice_SRF,dice_PED
0.018867924528301886 (0.13670490118859938),0.5211267605633803 (0.5031090461059529),0.0 (0.0)
