vendor,Dice_Background,Dice_IRF,Dice_SRF,Dice_PED
Cirrus,0.9952194749331051,0.44943188430932696,0.4914315912841594,0.6728300982115625
Spectralis,0.9964201959794994,0.5693927841632461,0.8616017264426866,0.6513775838992713
Topcon,0.9980781623130244,0.6583910046844705,0.5228856741832865,0.6485653779950891
