dice_IRF,dice_SRF,dice_PED
0.7781385281385281 (0.4157234661295764),0.8753680078508341 (0.33046335422303313),0.7708533077660594 (0.42048543895412777)
