vendor,Dice_Background,Dice_IRF,Dice_SRF,Dice_PED
Cirrus,0.9876370471400413,0.27539598438296653,0.04813614727304009,0.037841762518594106
Spectralis,0.996781548689225,0.7611389877944942,0.9395507893214315,0.7061338704218841
Topcon,0.9872153385701061,0.15217856951872843,0.6630064396720143,0.40050269371915775
