dice_IRF,dice_SRF,dice_PED
0.6584818918182496 (0.41061504033117957),0.8359515319528744 (0.3204567282843513),0.7122802065150213 (0.40941029174795596)
