Dice_Background,Dice_IRF,Dice_SRF,Dice_PED
0.9965959204922398,0.6615754685370312,0.8281908293237987,0.584609409540466
