vendor,Dice_Background,Dice_IRF,Dice_SRF,Dice_PED
Cirrus,0.9964885670729972,0.5723474643405759,0.8197206133305108,0.6941599319320907
Spectralis,0.9976464082475378,0.6770612055231015,0.9108420598971935,0.7485180459767199
Topcon,0.9979402166674045,0.5886798111484229,0.689254488284816,0.6170132198287845
