vendor,Dice_Background,Dice_IRF,Dice_SRF,Dice_PED
Cirrus,0.9812261102506326,0.3459839653476316,0.5666993774724769,0.43411327784236536
Spectralis,0.9878859465402499,0.5998830863420751,0.7437000912086071,0.6884624422338842
Topcon,0.9950509431707567,0.2658286101248739,0.2578752233869462,0.1912476034218217
