Vendor,dice_IRF
Cirrus,0.6 (0.49045560149591966)
Spectralis,0.6068376068376068 (0.49055325833510566)
Topcon,0.28859060402684567 (0.45361480884050764)
