Dice_Background,Dice_IRF,Dice_SRF,Dice_PED
0.9592114252160933,0.3620106302016315,0.11021500500269137,0.21662838953196947
