dice_IRF,dice_SRF,dice_PED
0.7062558738087896 (0.3899818748172616),0.8519939062844428 (0.3039902026185733),0.7598305758227163 (0.37845046628704243)
