dice_IRF,dice_SRF,dice_PED
0.6829501915708812 (0.46555002924659655),0.8197621225983531 (0.38456142441756846),0.6943907156673114 (0.4608879284861663)
