Dice_Background,Dice_IRF,Dice_SRF,Dice_PED
0.9961289368268597,0.6050014054938023,0.8262604881827803,0.5256995934145621
