Dice_Background,Dice_IRF,Dice_SRF,Dice_PED
0.9962547919464824,0.6645159519175764,0.7128475992642105,0.5315539914077052
