AllSlices,SlicesWithFLuid,SlicesWithoutFluid
0.561333894157057 (0.39250047753857237),0.6172244250955716 (0.21139858375030285),0.5094066570188133 (0.5002736305312276)
