Vendor,dice_SRF
Cirrus,0.9080188679245284 (0.2893407189674764)
Spectralis,0.898936170212766 (0.302218067973861)
Topcon,0.9877149877149877 (0.11029042424988245)
