vendor,Dice_Background,Dice_IRF,Dice_SRF,Dice_PED
Cirrus,0.9620524316898162,0.21269348694454923,0.11035018499194335,0.12755745018476056
Spectralis,0.9894582819026227,0.6094760036620218,0.7932325708867008,0.5152686426156957
Topcon,0.9898426425162551,0.2118143425077715,0.1855407563110132,0.09186224025322247
