dice_IRF,dice_SRF,dice_PED
0.5374853681369286 (0.2630225203532381),0.7005960725394911 (0.17779984224815445),0.5550486523678562 (0.2501491396122102)
