AllSlices,SlicesWithFluid,SlicesWithoutFluid
0.3480233504187043 (0.4176315756306724),0.6002284355069462 (0.1579232550820937),0.2663677130044843 (0.4422571341931806)
