dice_IRF,dice_SRF,dice_PED
0.7051792828685259 (0.4561893702231234),0.8114285714285714 (0.3913275544885139),0.695067264573991 (0.46058552029317157)
