Vendor,dice_IRF
Cirrus,0.6573875802997858 (0.4750920688905187)
Spectralis,0.75625 (0.4306916333281479)
Topcon,0.9136690647482014 (0.28118946498507796)
