AllSlices,SlicesWithFluid,SlicesWithoutFluid
0.4585978567393445 (0.4490018918751479),0.5217618725294697 (0.18538655257301453),0.44103547459252157 (0.49674920361599845)
