dice_IRF,dice_SRF,dice_PED
0.5899415708586464 (0.2288985709726783),0.7702047497651 (0.1747621560248323),0.5141011540328377 (0.23588020988190594)
