AllSlices,SlicesWithFLuid,SlicesWithoutFluid
0.29595554656640005 (0.3397631005975748),0.5433581202500094 (0.2205955691170528),0.0799492385786802 (0.27138685182083494)
