dice_IRF,dice_SRF,dice_PED
0.6723107569721115 (0.46960478392428134),0.4146938775510204 (0.49287033636382194),0.57847533632287 (0.4940248070074349)
