dice_IRF,dice_SRF,dice_PED
0.6308643809298716 (0.2059733800899704),0.7635692088331423 (0.19714652593054266),0.5883594970218837 (0.26262164382661507)
