Vendor,dice_PED
Cirrus,0.6406494795848601 (0.23561452599002303)
Spectralis,0.784331683842641 (0.11899089407001635)
Topcon,0.513886676826438 (0.17795387352527622)
