dice_IRF,dice_SRF,dice_PED
0.641344525192542 (0.2381133816248755),0.7563115300145 (0.23138553826512692),0.7163060687165311 (0.2117738325147497)
