dice_IRF,dice_SRF,dice_PED
0.3246753246753247 (0.4685070021334866),0.5446516192345436 (0.49824678017390367),0.4046021093000959 (0.4910503352429236)
