Vendor,dice_IRF,dice_SRF,dice_PED
Cirrus,0.8933717579250721 (0.309085706743898),0.9593023255813954 (0.1978767216286593),0.9849246231155779 (0.12200619114130949)
Spectralis,0.33613445378151263 (0.4743829341467256),0.8235294117647058 (0.38247199861082937),0.8947368421052632 (0.30770301804292777)
Topcon,0.8456057007125891 (0.36175620094174665),0.9444444444444444 (0.22929744784368802),0.7452830188679245 (0.43611363121670976)
