AllDevices,PSNR,SSIM,MSE
0,24.03882978723404 (1.486151932211852),0.44033510638297874 (0.06681855583784582),0.0042083754629624924 (0.0017528226727451144)
