Vendor,dice_PED
Cirrus,0.24403669724770644 (0.4299091885684025)
Spectralis,0.42771084337349397 (0.4962436481265539)
Topcon,0.4067796610169492 (0.4919284155688482)
