dice_IRF,dice_SRF,dice_PED
0.6704980842911877 (0.4702576158957212),0.8307410795974383 (0.375152105568865),0.7659574468085106 (0.4236037963822418)
