dice_IRF,dice_SRF,dice_PED
0.7192326326405866 (0.37102379355200077),0.8358448066334684 (0.33694606786010034),0.7615267296329024 (0.39038496984674614)
