Device,PSNR,SSIM,MSE
Cirrus,18.84920194003527 (0.37742341127960655),0.12503086419753087 (0.016767922128030358),0.013084162981783219 (0.001167621210560388)
Spectralis,23.088319148936172 (1.209180006122198),0.4183696808510638 (0.05935231788479594),0.005126813469340708 (0.00175708691823648)
T-1000,20.044650793650796 (0.8990038251137134),0.15954761904761905 (0.019500375782611525),0.010172236089905104 (0.003234484655566423)
T-2000,21.068692063492062 (0.7885322081812108),0.21957460317460317 (0.03870831762271405),0.007960759301389021 (0.0016740684859827928)
