dice_IRF,dice_SRF,dice_PED
0.7830639405732037 (0.3553472925266741),0.8405499451099738 (0.31473592023685637),0.7631674484185123 (0.37134009934312334)
