Dice_Background,Dice_IRF,Dice_SRF,Dice_PED
0.8430454307347613,0.014811288133326437,0.023274402762897623,0.009855669861497343
