AllSlices,SlicesWithFLuid,SlicesWithoutFluid
0.6523660195229176 (0.37826686921560054),0.6539131465346314 (0.21588758760660415),0.6510152284263959 (0.4769518685372964)
