dice_IRF,dice_SRF,dice_PED
0.4085552423553917 (0.3368173194675929),0.5236850676638393 (0.3047119159423612),0.5710762057160913 (0.2798803032714649)
