dice_IRF,dice_SRF,dice_PED
0.45477378438556665 (0.2646193857909463),0.618609268671686 (0.24755190550386885),0.5267664576898593 (0.2597996066737646)
