Vendor,dice_PED
Cirrus,0.23931623931623933 (0.4271226904674643)
Spectralis,0.54 (0.4996481173846551)
Topcon,0.64 (0.4806412828510973)
