dice_IRF,dice_SRF,dice_PED
0.3363726619876241 (0.24567470032120772),0.5641062904893556 (0.2838631356004656),0.3028779136686846 (0.2416928245050864)
