Vendor,dice_SRF
Cirrus,0.6929637526652452 (0.4617570965396102)
Spectralis,0.7135135135135136 (0.45334635127964396)
Topcon,0.9271070615034168 (0.2602572750995807)
