AllSlices,SlicesWithFluid,SlicesWithoutFluid
0.7451943529982442 (0.3802054805813208),0.6573272270213802 (0.21354075717309337),0.774904214559387 (0.4178455567798553)
