AllSlices,SlicesWithFluid,SlicesWithoutFluid
0.6272486109089698 (0.38013014897973085),0.5422573442819638 (0.2798086735621535),0.7215189873417721 (0.4486064737162691)
