dice_IRF,dice_SRF,dice_PED
0.6808295324444771 (0.21820760090226973),0.5508273112219434 (0.21335839933053846),0.02253086492419243 (0.03186345474778919)
