Dice_Background,Dice_IRF,Dice_SRF,Dice_PED
0.9958738921784389,0.4738697880093092,0.5861478021422462,0.5458764278438959
