dice_IRF,dice_SRF,dice_PED
0.6387507144490289 (0.41930717447841437),0.8256956798269708 (0.33048978603330825),0.717758589128657 (0.4048200676956539)
