Vendor,dice_SRF
Cirrus,0.7843238402985864 (0.1759755162962162)
Spectralis,0.8255210603799736 (0.1805639373644344)
Topcon,0.644757999516115 (0.33202086900278455)
