dice_IRF,dice_SRF,dice_PED
0.23002159827213822 (0.42107378767639464),0.2226999140154772 (0.4162374726319776),0.03531438415159346 (0.18465277351574153)
