AllSlices,SlicesWithFluid,SlicesWithoutFluid
0.8909291308597999 (0.2796986473506787),0.8287306659325282 (0.1742154311569592),0.9036734693877551 (0.2951590207651049)
