dice_IRF,dice_SRF,dice_PED
0.2350597609561753 (0.4242474968677446),0.3746938775510204 (0.4842414644765226),0.03766816143497758 (0.19047784855385316)
