AllSlices,SlicesWithFLuid,SlicesWithoutFluid
0.6968192059903205 (0.3543636426846559),0.6367698680007067 (0.2326089898207659),0.753120665742025 (0.4314952660067348)
