Vendor,dice_IRF
Cirrus,0.5550351288056206 (0.4975448512895701)
Spectralis,0.7054263565891473 (0.45762806908274645)
Topcon,0.6856368563685636 (0.46489209634775724)
