dice_IRF,dice_SRF,dice_PED
0.5888362695679343 (0.2526958306338898),0.6755097675578374 (0.19788699376112942),0.5894006452890057 (0.255172152235529)
