dice_IRF,dice_SRF,dice_PED
0.6851582606976316,0.8636865502381271,0.7667966072750819
