Dice_Background,Dice_IRF,Dice_SRF,Dice_PED
0.9969429687790621,0.7065356687821214,0.8326517201828719,0.7555608709481006
