dice_IRF,dice_SRF,dice_PED
0.8706896551724138 (0.33570392757279505),0.889295516925892 (0.3139094698535972),0.7601547388781431 (0.42719551379951914)
