Vendor,dice_SRF
Cirrus,0.7755775577557755 (0.4175460539844588)
Spectralis,0.8740740740740741 (0.3330014931979795)
Topcon,0.8946280991735537 (0.30734969750871444)
