dice_IRF,dice_SRF,dice_PED
0.7640692640692641 (0.42480905093759996),0.900883218842002 (0.2989654806953291),0.8638542665388304 (0.3431077706392643)
