Vendor,dice_PED
Cirrus,0.368763557483731 (0.4829938230493622)
Spectralis,0.7005988023952096 (0.4593731986753338)
Topcon,0.6246498599439776 (0.48489278680757236)
