AllSlices,SlicesWithFLuid,SlicesWithoutFluid
0.6923535684688158 (0.3559763826462806),0.6462730635030085 (0.22211824307653),0.7351664254703328 (0.4415641760127104)
