Vendor,dice_IRF,dice_SRF,dice_PED
Cirrus,0.7342621818999759 (0.379158598459868),0.8552322251955047 (0.34067163222232927),0.8358691083500162 (0.32813899026167814)
Spectralis,0.6355153803466534 (0.3920136957778572),0.8457340680214823 (0.3291696659451499),0.6887366782531751 (0.36844633469874083)
Topcon,0.685596869623987 (0.3953606907740509),0.7812507041788195 (0.3592190533776037),0.7305104441707954 (0.3631451519088896)
