dice_IRF,dice_SRF,dice_PED
0.6762452107279694 (0.46813196550704134),0.787740164684355 (0.4090949966775031),0.5251450676982592 (0.4996089741460665)
