Vendor,dice_PED
Cirrus,0.6378630315419287 (0.44769296900806904)
Spectralis,0.577100399805575 (0.4206480741372964)
Topcon,0.686222307686694 (0.41149288063465317)
