dice_IRF,dice_SRF,dice_PED
0.5447537133152502 (0.2253498386748739),0.6111797472365587 (0.23793776638181086),0.6562424295909517 (0.1692160792271664)
