Vendor,dice_IRF,dice_SRF,dice_PED
Spectralis,0.5302336513996124 (0.4887286383435847),0.6814524068644172 (0.37651823030503667),0.40390405026182796 (0.492458557011593)
