Dice_Background,Dice_IRF,Dice_SRF,Dice_PED
0.9962670772968122,0.5053225564791509,0.5461115125910279,0.6624016498827716
