Dice_Background,Dice_IRF,Dice_SRF,Dice_PED
0.9966937883944372,0.6898149034560709,0.8260634255602108,0.6893971785936924
