vendor,Dice_Background,Dice_IRF,Dice_SRF,Dice_PED
Cirrus,0.9953640526073042,0.4470361516733845,0.6600866194451513,0.49143555231105324
Spectralis,0.9967031406720656,0.587580991740079,0.85175127852071,0.6594072361677534
Topcon,0.9972111978621587,0.6821778571072862,0.7106720440053773,0.5012177674830535
