dice_IRF,dice_SRF,dice_PED
0.7972702470660722 (0.3127447283593962),0.8690687069508034 (0.3017337083489827),0.808159476196268 (0.35552366155928306)
