dice_IRF,dice_SRF,dice_PED
0.5302336513996124 (0.4887286383435846),0.6814524068644172 (0.3765182303050368),0.40390405026182796 (0.4924585570115931)
