dice_IRF,dice_SRF,dice_PED
0.7229437229437229 (0.44778689342314676),0.8341511285574092 (0.3721275589945784),0.7574304889741131 (0.4288424737412347)
