Vendor,dice_IRF
Cirrus,0.5674518201284796 (0.4959606529153722)
Spectralis,0.475 (0.5009425079052635)
Topcon,0.8465227817745803 (0.3608798610606669)
