Vendor,dice_IRF,dice_SRF,dice_PED
Spectralis,0.5188679245283019 (0.5020174930640545),0.7605633802816901 (0.42977697646219004),0.4107142857142857 (0.49417455843911495)
