dice_IRF,dice_SRF,dice_PED
0.6610107237773272 (0.22100928457021182),0.6271348730078898 (0.24678275987338047),0.5780595741661989 (0.22986796198803422)
