dice_IRF,dice_SRF,dice_PED
0.7019411479102937 (0.40477710594570493),0.831390952383606 (0.32522458358162065),0.7030540520895963 (0.40647623275971645)
