dice_IRF,dice_SRF,dice_PED
0.6364693435450929 (0.2245086397959029),0.7907457690045332 (0.18030760307740076),0.5177237155092559 (0.2881761721821617)
