dice_IRF,dice_SRF,dice_PED
0.6178808486075448 (0.2366651024876693),0.755881584801112 (0.16476445106421286),0.5614132898634878 (0.2506343883804351)
