AllSlices,SlicesWithFLuid,SlicesWithoutFluid
0.628634690771694 (0.3801896475670833),0.6214486647954333 (0.22472194735432163),0.6353111432706223 (0.48169147637453524)
