Vendor,dice_SRF
Cirrus,0.589622641509434 (0.49248330934418894)
Spectralis,0.8563829787234043 (0.3516374258820003)
Topcon,0.941031941031941 (0.23585483650619915)
