Dice_Background,Dice_IRF,Dice_SRF,Dice_PED
0.9975317573394632,0.693957669678753,0.8125910804546894,0.6296787142745551
