dice_IRF,dice_SRF,dice_PED
0.7346743295019157 (0.44171806697515026),0.8700823421774931 (0.3363667278895747),0.741779497098646 (0.4378676723345105)
