dice_IRF,dice_SRF,dice_PED
0.7913513513513514 (0.40656252322746783),0.7239896818572656 (0.44721425734882436),0.7295434969853575 (0.44438708085659206)
