dice_IRF,dice_SRF,dice_PED
0.5931264249167323 (0.26530380945271587),0.7341089013375734 (0.20455039702228772),0.5747494188056536 (0.274105430078785)
