dice_IRF,dice_SRF,dice_PED
0.6767496743437568 (0.19956434757035726),0.8089774086786683 (0.13653720942236564),0.7387636555519896 (0.19199036770038308)
