AllSlices,SlicesWithFluid,SlicesWithoutFluid
0.4259552511917567 (0.4432167919657557),0.5430459870313782 (0.18552177650471707),0.39186691312384475 (0.4883929629399842)
