AllSlices,SlicesWithFluid,SlicesWithoutFluid
0.6435545701044489 (0.37169093410641507),0.5732642538505427 (0.2665358602122233),0.7215189873417721 (0.44860647371626916)
