Dice_Background,Dice_IRF,Dice_SRF,Dice_PED
0.9966200168358202,0.7340062808945922,0.8351667030594807,0.5935520292409276
