dice_IRF,dice_SRF,dice_PED
0.6388862406707803 (0.4195989668853526),0.8498755593749919 (0.3052145472593225),0.7726346117486955 (0.3721183330332533)
