dice_IRF,dice_SRF,dice_PED
0.7153209300625752 (0.39752116157116296),0.783988859293797 (0.3659766935344859),0.7306453303094625 (0.38740144656413866)
