dice_IRF,dice_SRF,dice_PED
0.7328931173548627 (0.3746400162903695),0.791591672058932 (0.3506952532544923),0.4266130532207392 (0.4666806801413429)
