AllSlices,SlicesWithFluid,SlicesWithoutFluid
0.7818183559429708 (0.3719581910171177),0.7903307913120385 (0.1689788256318347),0.7791952894995093 (0.41499276881690816)
