AllSlices,SlicesWithFLuid,SlicesWithoutFluid
0.6366424447228184 (0.37766144013086944),0.640692470911176 (0.2174850869096565),0.6328233657858137 (0.4823707825117186)
