dice_IRF,dice_SRF,dice_PED
0.037654710639464226 (0.1551578388205392),0.5625147602537222 (0.4073620394384334),0.0007069218544322148 (0.006590823953999519)
