Vendor,dice_SRF
Cirrus,0.6665748225990683 (0.4399989741800542)
Spectralis,0.7654751649316476 (0.379570574495685)
Topcon,0.7730511177505832 (0.40377977121935976)
