dice_IRF,dice_SRF,dice_PED
0.6785714285714286 (0.467277811216834),0.8518155053974484 (0.35545723247788846),0.7564717162032598 (0.4294171114210715)
