Vendor,dice_IRF
Cirrus,0.8243559718969555 (0.38096337572505595)
Spectralis,0.8682170542635659 (0.3395733757516626)
Topcon,0.6585365853658537 (0.4748443960121867)
