AllSlices,SlicesWithFLuid,SlicesWithoutFluid
0.6724724519245711 (0.36429830768281396),0.6505368300009692 (0.19849232365202793),0.6916243654822335 (0.4621159015829091)
