dice_IRF,dice_SRF,dice_PED
0.6232623646767825 (0.20400199547584946),0.7673154584745057 (0.18675201225301472),0.5687987757402756 (0.24270354397552504)
