dice_IRF,dice_SRF,dice_PED
0.6994263345273651 (0.3935523860564918),0.8179567685799319 (0.33843272771559485),0.7639480620920965 (0.3741227494830878)
