AllSlices,SlicesWithFluid,SlicesWithoutFluid
0.7229430738439198 (0.41973057868117647),0.7647498895724615 (0.18785975703595237),0.7145313843508169 (0.45183163246969926)
