Vendor,dice_IRF
Cirrus,0.6007905138339921 (0.490220568248209)
Spectralis,0.71900826446281 (0.45135242135659687)
Topcon,0.2722772277227723 (0.4456837525884557)
