vendor,Dice_Background,Dice_IRF,Dice_SRF,Dice_PED
Cirrus,0.9951980216926086,0.6807749559873855,0.8033789303201863,0.6805443341345965
Spectralis,0.9969144054391016,0.7185077706111067,0.8851251208248309,0.7906230335015311
Topcon,0.9986832007356476,0.673620447944727,0.7801234682142054,0.596469408224674
