dice_IRF,dice_SRF,dice_PED
0.6136151851844448 (0.4252009338385827),0.7942905784692875 (0.3584967757581712),0.6794865482552459 (0.4234440428197895)
