dice_IRF,dice_SRF,dice_PED
0.28544061302681994 (0.45184048606724037),0.5773101555352241 (0.49421311624126546),0.5725338491295938 (0.49495026133523606)
