AllSlices,SlicesWithFluid,SlicesWithoutFluid
0.6365028587073279 (0.43342798004114397),0.5529589054224849 (0.2733036719458524),0.6647509578544061 (0.47230370655576137)
