dice_IRF,dice_SRF,dice_PED
0.7925356750823271 (0.4057136469066939),0.9008919722497523 (0.2989551866019481),0.8427947598253275 (0.3641532192709323)
