Vendor,dice_IRF
Cirrus,0.7013537308699648 (0.12242452730737827)
Spectralis,0.7747815391369934 (0.11970829615165315)
Topcon,0.6657000379962521 (0.14954036296494685)
