dice_IRF,dice_SRF,dice_PED
0.4031334649771452 (0.27441301435055054),0.4604674366324447 (0.1782699838211877),0.05365986283868551 (0.036728303469452724)
