vendor,Dice_Background,Dice_IRF,Dice_SRF,Dice_PED
Cirrus,0.9958761762473609,0.5637848448459981,0.7392059386232511,0.6299495339833273
Spectralis,0.9975573131844738,0.6484397760010359,0.9089008959003668,0.7532027395322777
Topcon,0.9982060162742116,0.6803224043858709,0.7040590175938801,0.6256329265262845
