vendor,Dice_Background,Dice_IRF,Dice_SRF,Dice_PED
Cirrus,0.9952433197197172,0.5575265117085074,0.6088228379133156,0.6115459825493904
Spectralis,0.9941500675373831,0.5008677451707146,0.8301836430983384,0.5543307661422784
Topcon,0.998185276432253,0.6566769162821666,0.6067649256866413,0.6349142157588514
