AllSlices,SlicesWithFluid,SlicesWithoutFluid
0.5626885490618652 (0.4642085775323011),0.6401521315229899 (0.2205200275930962),0.5469422911283376 (0.4980060631239287)
