vendor,Dice_Background,Dice_IRF,Dice_SRF,Dice_PED
Cirrus,0.9945211378178024,0.5136930201630512,0.4798386867699859,0.3855057253755022
Spectralis,0.9953060602357202,0.626420925916735,0.7659731630816058,0.586463650988688
Topcon,0.9987249928871691,0.6450695984488355,0.6823162887301022,0.623187047398599
