Vendor,dice_SRF
Cirrus,0.6294098127092345 (0.31779284098600674)
Spectralis,0.8663096403489348 (0.14691697999577027)
Topcon,0.8574780477927282 (0.09483738608997384)
