Vendor,dice_IRF,dice_SRF,dice_PED
Cirrus,0.7403261373447094 (0.3699529849243126),0.8962022583109501 (0.21363363219651807),0.902853254636284 (0.23577363921752556)
Spectralis,0.30684693892990067 (0.35838141642708415),0.7065890257988049 (0.41008541863121206),0.8498166273443066 (0.3039333488852158)
Topcon,0.7633331847286576 (0.36942834415347914),0.8701929745341962 (0.30430794906538594),0.7255519036617544 (0.4330408374637857)
