dice_IRF,dice_SRF,dice_PED
0.6012489412954646 (0.22464105739305462),0.6846516199439645 (0.25105028928514794),0.5465803564554519 (0.2114996506720264)
