dice_IRF,dice_SRF,dice_PED
0.507744415227862 (0.24739182605521387),0.5729378346280244 (0.24696645673515727),0.5967273828252821 (0.24342477172854204)
