dice_IRF,dice_SRF,dice_PED
0.22510822510822512 (0.4178797656828583),0.2826300294406281 (0.4504991245487102),0.04693486590038314 (0.21160073740843646)
