AllDevices,PSNR,SSIM
0,20.26496028428094 (1.7093196815779608),0.19933026755852842 (0.10527488681378318)
