dice_IRF,dice_SRF,dice_PED
0.5601645729821276 (0.431132422718421),0.6734586946141268 (0.4404047436731828),0.6376959876785797 (0.4241742954031638)
