vendor,Dice_Background,Dice_IRF,Dice_SRF,Dice_PED
Cirrus,0.996331219437497,0.5335407621984224,0.8324267653353368,0.6802545656733087
Spectralis,0.997499851306111,0.6505291583416584,0.8924539495281234,0.690642739015778
Topcon,0.9983655706074275,0.6939235686403812,0.6045570887598808,0.6211246674713607
