Volume,dice_PED
TRAIN001,nan (nan)
TRAIN010,nan (nan)
TRAIN011,0.4769343483177098 (0.14265209817425212)
TRAIN013,0.5041854426716313 (0.13249595061861147)
TRAIN015,0.4983163069756258 (0.1209095545318589)
TRAIN028,0.7490129714662378 (0.12108597235183718)
TRAIN029,nan (nan)
TRAIN032,nan (nan)
TRAIN041,nan (nan)
TRAIN046,0.8017739320502562 (0.17568673268435428)
TRAIN049,0.6085665051279396 (0.17849581311249443)
TRAIN050,0.7326121120290323 (0.1339084873806432)
TRAIN051,nan (nan)
TRAIN056,nan (nan)
