vendor,Dice_Background,Dice_IRF,Dice_SRF,Dice_PED
Cirrus,0.9959675029562044,0.5538275980621469,0.6410296922374072,0.656733998338919
Spectralis,0.997302410503015,0.6331687537820535,0.8535088016823255,0.6794473484670563
Topcon,0.9976258212604316,0.6993383466638323,0.5085962402429536,0.561743811308623
