AllSlices,SlicesWithFluid,SlicesWithoutFluid
0.6487506001863876 (0.4175370974669858),0.6557036925081107 (0.1804319902651347),0.6460784313725491 (0.4784197836904206)
