vendor,Dice_Background,Dice_IRF,Dice_SRF,Dice_PED
Cirrus,0.9980245805055544,0.7572608559616785,0.31956412121428474,0.49860579912203024
Spectralis,0.9958847558892664,0.7289230405094854,0.8720103699119893,0.5929526508704291
Topcon,0.9945858017219636,0.4037080703701135,0.6708813085906302,0.5282266322767065
