AllSlices,SlicesWithFluid,SlicesWithoutFluid
0.632022541377336 (0.40816588535306847),0.6351676280473304 (0.22537697662239553),0.6302142051860203 (0.48301893379811284)
