dice_IRF,dice_SRF,dice_PED
0.387920001771037 (0.4361674193216529),0.6135618307853735 (0.4416958282165418),0.3496797693959646 (0.41874222401593586)
