Vendor,dice_SRF
Cirrus,0.6027859075320885 (0.2663755223042087)
Spectralis,0.7789467864093327 (0.17285349067166417)
Topcon,0.5552357779815793 (0.33634188147103006)
