Vendor,dice_SRF
Cirrus,0.38207547169811323 (0.48646885512767746)
Spectralis,0.5638297872340425 (0.49723321416454447)
Topcon,0.773955773955774 (0.418782928133875)
