Vendor,dice_PED
Cirrus,0.4233576642335766 (0.4945424674366936)
Spectralis,0.16521739130434782 (0.3730019232961255)
Topcon,0.5110619469026548 (0.5004314995409328)
