AllSlices,SlicesWithFluid,SlicesWithoutFluid
0.6127469969909172 (0.4497048588984991),0.744559703786282 (0.20215355821843975),0.5721295387634936 (0.49501292763663274)
