Vendor,dice_SRF
Cirrus,0.5089137028902769 (0.44368080835225726)
Spectralis,0.617130139105174 (0.45586704886505597)
Topcon,0.7586832434338119 (0.4135150941959075)
