Vendor,dice_PED
Cirrus,0.3570131380081875 (0.4173623816217138)
Spectralis,0.30368738569775405 (0.4281378803594302)
Topcon,0.4560724577999541 (0.46239214373361887)
