AllSlices,SlicesWithFluid,SlicesWithoutFluid
0.8066639374280262 (0.3519451412477167),0.7793076335097124 (0.15551412715316493),0.8142726440988106 (0.3890645147779405)
