AllSlices,SlicesWithFluid,SlicesWithoutFluid
0.5803353206261875 (0.4611347091176798),0.6302052665880676 (0.22234370458709013),0.570198105081826 (0.49526103743713046)
