vendor,dice_class_0,dice_class_1,dice_class_2,dice_class_3,total_dice
Cirrus,0.9752771854400635,0.42766913771629333,0.19701556861400604,0.24422451853752136,0.9642061199384804
Spectralis,0.9872897267341614,0.6699181199073792,0.6724740862846375,0.42219147086143494,0.9718251736279031
Topcon,0.9952312707901001,0.286712646484375,0.29909881949424744,0.35893842577934265,0.99086475469115
