dice_class_0,dice_class_1,dice_class_2,dice_class_3
0.9834702473948652,0.4844469076322611,0.5269355512503026,0.4345853191498921
