Vendor,dice_PED
Cirrus,0.5806756266607688 (0.18057973826454743)
Spectralis,0.5742107289962661 (0.23621018949736775)
Topcon,0.5678208643870969 (0.19537412284735842)
