AllSlices,SlicesWithFLuid,SlicesWithoutFluid
0.17939796063523084 (0.2472567232564882),0.36781539178623474 (0.23192465409536014),0.004341534008683068 (0.06579475550631798)
