Vendor,dice_PED
Cirrus,0.23201223666546866 (0.36811390942010086)
Spectralis,0.3052589259661582 (0.3903781143022885)
Topcon,0.36135201949218754 (0.41023829590925026)
