Vendor,dice_PED
Cirrus,0.14313725490196078 (0.3505566171552743)
Spectralis,0.17964071856287425 (0.3850424670923205)
Topcon,0.27170868347338933 (0.4454648427566992)
