Vendor,dice_SRF
Cirrus,0.7195846928982064 (0.4391827003628861)
Spectralis,0.8642314058177325 (0.29852667398880006)
Topcon,0.8159499169094488 (0.34139473031910206)
