dice_IRF,dice_SRF,dice_PED
0.2814260997883759 (0.25724347403088804),0.3980871994103228 (0.29644189993627484),0.2520125985309114 (0.17671883522561604)
