Vendor,dice_IRF
Cirrus,0.1296637698833365 (0.21396097097799735)
Spectralis,0.25015754815267055 (0.3227313957337771)
Topcon,0.14153102293817532 (0.28781801344196206)
