Vendor,dice_PED
Cirrus,0.45567785983439535 (0.46642087034238094)
Spectralis,0.345387410676601 (0.38821656362635065)
Topcon,0.5884579326258972 (0.44330629623454426)
