Vendor,dice_PED
Cirrus,0.6481938075436198 (0.11721333068009147)
Spectralis,0.6011843517606641 (0.23703770220710618)
Topcon,0.7745376429817779 (0.1351316461369495)
