Vendor,dice_IRF
Cirrus,0.5995717344753747 (0.49051062635191955)
Spectralis,0.55 (0.49905571209393534)
Topcon,0.7793764988009593 (0.4151651602817253)
