AllSlices,SlicesWithFluid,SlicesWithoutFluid
0.04989478206296992 (0.1209886891942128),0.19745895337668265 (0.1698039313657662),0.0 (0.0)
