Volume,dice_PED
TRAIN004,0.6243935767360913 (0.275014630254313)
TRAIN007,nan (nan)
TRAIN018,nan (nan)
TRAIN022,nan (nan)
TRAIN024,0.6076249901590676 (0.13755935100184377)
TRAIN026,nan (nan)
TRAIN034,nan (nan)
TRAIN040,nan (nan)
TRAIN043,0.8385510284167069 (0.0773652028740586)
TRAIN044,0.70233804208261 (0.10865935085931105)
TRAIN052,nan (nan)
TRAIN054,nan (nan)
TRAIN059,nan (nan)
TRAIN069,0.529069863748355 (0.17136683040997164)
