Vendor,dice_SRF
Cirrus,0.721594219260356 (0.1688523544982182)
Spectralis,0.8752353367258291 (0.13174435069564083)
Topcon,0.8026150437310721 (0.14090560446593234)
