Vendor,dice_IRF
Cirrus,0.3203146351774552 (0.17318613354207837)
Spectralis,0.38956221122952067 (0.21072156216297164)
Topcon,0.4724061357151521 (0.17119567985930936)
