dice_IRF,dice_SRF,dice_PED
0.26731601731601734 (0.44279833057874024),0.1619234543670265 (0.36856146577799614),0.040229885057471264 (0.19659211836794763)
