Vendor,dice_SRF
Cirrus,0.7326801967703633 (0.17341232025196052)
Spectralis,0.8853976910312971 (0.0998870369096868)
Topcon,0.8013334996896248 (0.08696841577629412)
