Vendor,dice_IRF
Cirrus,0.0 (0.0)
Spectralis,0.05217391304347826 (0.22335080820097217)
Topcon,0.052854122621564484 (0.2239790723731705)
