Dice_Background,Dice_IRF,Dice_SRF,Dice_PED
0.9836430020335734,0.3551346650487035,0.3709631094645837,0.22296242805424885
