Vendor,dice_IRF
Cirrus,0.0256427897949834 (0.06155333476568789)
Spectralis,0.06449905017352835 (0.11118836193311256)
Topcon,0.07322140191536164 (0.1672276294573455)
