Vendor,dice_IRF
Cirrus,0.0021413276231263384 (0.04627448133827476)
Spectralis,0.04375 (0.20518054635801505)
Topcon,0.0407673860911271 (0.19798840800159695)
