dice_class_0,dice_class_1,dice_class_2,dice_class_3
0.9851886629785613,0.4594159015332308,0.44618263543309084,0.3305519481173586
