Vendor,dice_PED
Cirrus,0.5609791181700001 (0.19873369498993557)
Spectralis,0.7200757665766611 (0.21256901908050935)
Topcon,0.5934309738956086 (0.1686850506074133)
