Vendor,dice_PED
Cirrus,0.28205128205128205 (0.4504797128268802)
Spectralis,0.21 (0.40833034217617054)
Topcon,0.42933333333333334 (0.4956423297833668)
