Vendor,dice_SRF
Cirrus,0.8717805317470005 (0.07362048368324885)
Spectralis,0.825960422364565 (0.1589135283202827)
Topcon,0.6761516437337205 (0.22046540559823546)
