Vendor,dice_PED
Cirrus,0.6204076012382742 (0.24886998257083898)
Spectralis,0.7691595070766952 (0.11621972461013265)
Topcon,0.529069863748355 (0.17136683040997164)
