Vendor,dice_SRF
Cirrus,0.7578924530082278 (0.1595613235041085)
Spectralis,0.7929277908906602 (0.1971715903596277)
Topcon,0.6070754404475049 (0.32378232327061074)
