Vendor,dice_SRF
Cirrus,0.7426379900745814 (0.38342276956619414)
Spectralis,0.776015761068889 (0.3898575770615994)
Topcon,0.9013620028854348 (0.25962596651881287)
