AllSlices,SlicesWithFluid,SlicesWithoutFluid
0.15123056754649278 (0.26550552736308825),0.4656570443256321 (0.20076190814465722),0.030392156862745098 (0.17174804999301516)
