Vendor,dice_SRF
Cirrus,0.7194719471947195 (0.44962837000412464)
Spectralis,0.8592592592592593 (0.3490490912521114)
Topcon,0.8202479338842975 (0.3843780980394839)
