Vendor,dice_SRF
Cirrus,0.7523992322456814 (0.43203343211023343)
Spectralis,0.8023952095808383 (0.3993899106134321)
Topcon,0.8947368421052632 (0.3072157603848234)
