Vendor,dice_PED
Cirrus,0.515140198986046 (0.4657542033259212)
Spectralis,0.5582263423472035 (0.4603607931151182)
Topcon,0.6724087142356439 (0.4409216116646489)
