AllSlices,SlicesWithFluid,SlicesWithoutFluid
0.4986062599371281 (0.45467554854556663),0.7034427691612217 (0.17668229314931516),0.43228699551569505 (0.4956160305075712)
