AllSlices,SlicesWithFluid,SlicesWithoutFluid
0.29226091790093683 (0.3920608044553382),0.5737975270182059 (0.1993971741756421),0.19342359767891681 (0.3951732993988953)
