AllSlices,SlicesWithFluid,SlicesWithoutFluid
0.3805043352704945 (0.43836534658215603),0.5938354445364454 (0.2011506665714055),0.3211888782358581 (0.46715716980105654)
