AllSlices,SlicesWithFluid,SlicesWithoutFluid
0.8190296399717085 (0.3578641625803813),0.8255743890618666 (0.1524343172213064),0.8177128116938951 (0.3862471318779105)
