Vendor,dice_IRF
Cirrus,0.5604605192987947 (0.4491882742783719)
Spectralis,0.5603367505157937 (0.4277101268663518)
Topcon,0.7676477034692653 (0.38605160092543483)
