Vendor,dice_SRF
Cirrus,0.746268656716418 (0.43561031492925467)
Spectralis,0.7405405405405405 (0.4395275746033038)
Topcon,0.9179954441913439 (0.2746846925922412)
