Vendor,dice_IRF
Cirrus,0.3989654457948815 (0.18264061098870757)
Spectralis,0.5312454251595485 (0.21551739290206462)
Topcon,0.5487560117707669 (0.17583702096606793)
