Vendor,dice_SRF
Cirrus,0.7745966926217079 (0.39376932967477074)
Spectralis,0.8098976038548411 (0.34148354614244686)
Topcon,0.8789406461291946 (0.3068899255016519)
