Vendor,dice_PED
Cirrus,0.49034749034749037 (0.5003900556935722)
Spectralis,0.5 (0.5013071917732284)
Topcon,0.6917960088691796 (0.46226410256191075)
