Vendor,dice_IRF
Cirrus,0.08814754982140585 (0.17214530895780858)
Spectralis,0.16372566512044595 (0.26443489433717304)
Topcon,0.12085660721277236 (0.25595617381356045)
