AllSlices,SlicesWithFluid,SlicesWithoutFluid
0.7805769009601456 (0.3859026161830681),0.8092888677975096 (0.14957803299298733),0.7746938775510204 (0.41795439266711853)
