vendor,Dice_Background,Dice_IRF,Dice_SRF,Dice_PED
Cirrus,0.9750311378902227,0.23519111194653713,0.17624079956172845,0.19057331844184525
Spectralis,0.9847501524488469,0.514616791496879,0.7059312229496055,0.46992746501338883
Topcon,0.9925553343330589,0.401491162192922,0.09966166574987378,0.12302731758374744
