AllSlices,SlicesWithFluid,SlicesWithoutFluid
0.6363728420929576 (0.4345836736304726),0.5552772249401186 (0.2797871995630194),0.6637931034482759 (0.47263705983165705)
