AllSlices,SlicesWithFluid,SlicesWithoutFluid
0.11338998048185286 (0.2247771124152852),0.37792012105707773 (0.1927481070276703),0.023946360153256706 (0.1529553572760136)
