Vendor,dice_IRF
Cirrus,0.45488284596085893 (0.28700994354162507)
Spectralis,0.5797941632514052 (0.2436600008962146)
Topcon,0.7161644650133032 (0.21000282174830767)
