vendor,dice_class_0,dice_class_1,dice_class_2,dice_class_3,total_dice
Cirrus,0.9747342467308044,0.457689493894577,0.3065483570098877,0.3896681070327759,0.9651849713501903
Spectralis,0.984766960144043,0.6437657475471497,0.7250038385391235,0.49355289340019226,0.9708313592922513
Topcon,0.9925496578216553,0.35677865147590637,0.4746929407119751,0.40282055735588074,0.9886346405204518
