Vendor,dice_IRF
Cirrus,0.09486349981959177 (0.08643601497031893)
Spectralis,0.18590902697075815 (0.11432946028277195)
Topcon,0.3946248187438438 (0.15440166677745024)
