Volume,dice_PED
TRAIN001,nan (nan)
TRAIN010,nan (nan)
TRAIN011,0.27537708958102897 (0.18891974067693518)
TRAIN013,0.4808365755686254 (0.15043967609625816)
TRAIN015,0.6987487900824774 (0.09315708469529166)
TRAIN028,0.5250766968185251 (0.2373375917914524)
TRAIN029,nan (nan)
TRAIN032,nan (nan)
TRAIN041,nan (nan)
TRAIN046,0.7831637009101755 (0.16248828011553404)
TRAIN049,0.5001842677593231 (0.16955421658072595)
TRAIN050,0.6548890302127058 (0.1385495672573269)
TRAIN051,nan (nan)
TRAIN056,nan (nan)
