dice_IRF,dice_SRF,dice_PED
0.2716453674519473 (0.3951930232882571),0.21755392394211653 (0.3667648328617237),0.08614526704833714 (0.21127455021343663)
