dice_IRF,dice_SRF,dice_PED
0.15800865800865802 (0.36494665742205057),0.07065750736015702 (0.25637770567400875),0.04118773946360153 (0.198819447675)
