dice_IRF,dice_SRF,dice_PED
0.19508927868315334 (0.33677440427965466),0.13649858717351807 (0.2891887853522957),0.08094873596667483 (0.20518857652390843)
