dice_IRF,dice_SRF,dice_PED
0.27886065644167096 (0.24253570805163804),0.3501675691156037 (0.28671210507097955),0.22458361606774238 (0.1585366528298524)
