vendor,dice_class_0,dice_class_1,dice_class_2,dice_class_3,total_dice
Cirrus,0.9627072811126709,0.3943744897842407,0.2351951152086258,0.3433394432067871,0.9523622467386481
Spectralis,0.9822390079498291,0.6092522740364075,0.6836725473403931,0.42538273334503174,0.9665213427809948
Topcon,0.9848637580871582,0.43801888823509216,0.4232473373413086,0.4153921902179718,0.9814053661128822
