dice_class_0,dice_class_1,dice_class_2,dice_class_3
0.9747254252423917,0.47689220439550584,0.47150341526428596,0.3850870147757099
