Dice_Background,Dice_IRF,Dice_SRF,Dice_PED
0.975221456145442,0.2716756486371084,0.21754327474547183,0.21485703730438468
