vendor,Dice_Background,Dice_IRF,Dice_SRF,Dice_PED
Cirrus,0.9636175189747418,0.155710352818528,0.10557971177989292,0.1770172736606873
Spectralis,0.9822603849965503,0.4630115583485114,0.6601415624521878,0.41072002290331305
Topcon,0.9849073710378851,0.4616171062908324,0.014008722104272496,0.1394184253130119
