AllSlices,SlicesWithFLuid,SlicesWithoutFluid
0.16007627050236178 (0.2312551201237989),0.32613967068481037 (0.22725249277892234),0.005788712011577424 (0.07591800641800078)
