dice_IRF,dice_SRF,dice_PED
0.3429708472026522 (0.43087129447526046),0.16807985900351408 (0.32513416220949726),0.2240793789340957 (0.38001270449998736)
