Vendor,dice_IRF,dice_SRF,dice_PED
Cirrus,0.20526977948720743 (0.35222283126835074),0.1569585358403856 (0.2903532830518593),0.17505180215030122 (0.33735055607227193)
Spectralis,0.34442416861349223 (0.37864011870348296),0.42715338970325434 (0.4625662946067737),0.47982374609885164 (0.471667153462185)
Topcon,0.538891873078163 (0.4816467347261827),0.04228662642084861 (0.15770458917303798),0.15425857354629052 (0.31940500050734855)
