dice_IRF,dice_SRF,dice_PED
0.27916904479495197 (0.2675680036287285),0.3727721402919881 (0.2982049731061731),0.24462910767871834 (0.220407913889735)
