vendor,dice_class_0,dice_class_1,dice_class_2,dice_class_3,total_dice
Cirrus,0.9736869931221008,0.4558861255645752,0.29614368081092834,0.30364322662353516,0.9636919940654749
Spectralis,0.9887072443962097,0.6846836805343628,0.7631601691246033,0.4894203841686249,0.9757676712825648
Topcon,0.9938223361968994,0.3216864764690399,0.5253912210464478,0.46777093410491943,0.9898037391446708
