dice_class_0,dice_class_1,dice_class_2,dice_class_3
0.9841624407747642,0.4855252212532417,0.54268695816287,0.3982745234039222
