Dice_Background,Dice_IRF,Dice_SRF,Dice_PED
0.9844322433761745,0.363323644628353,0.27522629621028866,0.305728634109611
