dice_IRF,dice_SRF,dice_PED
0.3712121212121212 (0.4833906993040003),0.10500490677134446 (0.3067102761444412),0.21839080459770116 (0.41335205332992514)
