AllSlices,SlicesWithFLuid,SlicesWithoutFluid
0.17753757402957232 (0.26658367550195716),0.3437034052670092 (0.2644745835001756),0.023154848046309694 (0.15050409225145142)
