vendor,dice_class_0,dice_class_1,dice_class_2,dice_class_3,total_dice
Cirrus,0.9651357531547546,0.44552502036094666,0.04387272521853447,0.2943820059299469,0.9535484269665172
Spectralis,0.9839202761650085,0.6399744749069214,0.7172660827636719,0.44323596358299255,0.9693117706493001
Topcon,0.9953530430793762,0.4741610288619995,0.4928700625896454,0.46596699953079224,0.9920781461844819
