Dice_Background,Dice_IRF,Dice_SRF,Dice_PED
0.9807695560767536,0.3429093877218383,0.19056798996081503,0.27799084642908745
