dice_IRF,dice_SRF,dice_PED
0.4004329004329004 (0.49025147419680626),0.16977428851815504 (0.3756187404786682),0.16187739463601533 (0.36851483473460867)
