dice_IRF,dice_SRF,dice_PED
0.36692770873074154 (0.4332488768317346),0.18298508032642177 (0.36151416975318224),0.17171247652690352 (0.33796864849556957)
