dice_IRF,dice_SRF,dice_PED
0.2912338282104609 (0.24655476140582003),0.2258570448252236 (0.308030850344753),0.2072412844649218 (0.18667662362207654)
