dice_class_0,dice_class_1,dice_class_2,dice_class_3
0.980242125058882,0.5166983129830997,0.40101794895827836,0.3742829799340243
