vendor,Dice_Background,Dice_IRF,Dice_SRF,Dice_PED
Cirrus,0.9660627374938521,0.19069705463838535,0.010467828411070119,0.19331372954698525
Spectralis,0.9839123620400374,0.5126661051955168,0.6903252135394887,0.4360428205521137
Topcon,0.9953448549396502,0.5302456135407936,0.07533811292276528,0.23349094458872408
