AllSlices,SlicesWithFLuid,SlicesWithoutFluid
0.15708223225630782 (0.24684824681366171),0.3059043856661345 (0.25284329641874526),0.01881331403762663 (0.135963693563418)
