Dice_Background,Dice_IRF,Dice_SRF,Dice_PED
0.9753010148419644,0.2593145774265676,0.1892229688666632,0.25119562919513483
