vendor,dice_class_0,dice_class_1,dice_class_2,dice_class_3,total_dice
Cirrus,0.9597808122634888,0.350238174200058,0.2010650336742401,0.32336193323135376,0.948950476546333
Spectralis,0.9882454872131348,0.6749808192253113,0.71647047996521,0.42263633012771606,0.973640222270123
Topcon,0.9854490756988525,0.3705109655857086,0.28950414061546326,0.5184862017631531,0.9817298272737051
