AllSlices,SlicesWithFLuid,SlicesWithoutFluid
0.16389623016348864 (0.25615558175199216),0.31693718817434635 (0.26115884144314194),0.02170767004341534 (0.14583286517199606)
