dice_IRF,dice_SRF,dice_PED
0.11904761904761904 (0.32401991884112497),0.10107948969578018 (0.3015819661058821),0.18007662835249041 (0.38443542780200607)
