dice_IRF,dice_SRF,dice_PED
0.15733200192531563 (0.31348515106047037),0.14152827850377117 (0.3072642404583635),0.18950238528428948 (0.35318017486379233)
