vendor,Dice_Background,Dice_IRF,Dice_SRF,Dice_PED
Cirrus,0.9609270695762973,0.13251663777952505,0.06912539398196788,0.18384525827864517
Spectralis,0.9882170610131518,0.5920687258830261,0.7032358798085184,0.4281156348636607
Topcon,0.9854983665114389,0.274332975657982,0.014144932299548156,0.22858936506223823
