dice_IRF,dice_SRF,dice_PED
0.24382288158055188 (0.26926232700213654),0.2727936154316145 (0.28870904479117215),0.223552524511965 (0.20047901178401326)
