dice_class_0,dice_class_1,dice_class_2,dice_class_3
0.9746582158443979,0.46022318897301284,0.47085641031272096,0.3848595584351758
