Dice_Background,Dice_IRF,Dice_SRF,Dice_PED
0.9737776161241538,0.22153992302631936,0.16545475624666406,0.18044318437688842
