dice_IRF,dice_SRF,dice_PED
0.23579462144891708 (0.3752452759682124),0.2700832552515496 (0.4204895884520289),0.06776576116711666 (0.1801895179019448)
