vendor,dice_class_0,dice_class_1,dice_class_2,dice_class_3,total_dice
Cirrus,0.9620174169540405,0.4514717161655426,0.26936835050582886,0.3337833881378174,0.952148432936519
Spectralis,0.986901044845581,0.6565328240394592,0.7484821677207947,0.47497084736824036,0.9732813604413315
Topcon,0.99006587266922,0.42168518900871277,0.5211287140846252,0.402100533246994,0.9865001056988922
