dice_class_0,dice_class_1,dice_class_2,dice_class_3
0.9772573049429907,0.5071979340514933,0.5225292868852682,0.399961485516294
