AllSlices,SlicesWithFLuid,SlicesWithoutFluid
0.14929614663985846 (0.2341827576535989),0.3053142733192077 (0.24954080611477053),0.004341534008683068 (0.06579475550631798)
