vendor,Dice_Background,Dice_IRF,Dice_SRF,Dice_PED
Cirrus,0.9571956206238605,0.09268586346865668,0.06484017244845533,0.1901684391853991
Spectralis,0.988102136133347,0.6023493224315566,0.792838684124874,0.3127963788976727
Topcon,0.988760542650856,0.13563012259962762,0.03282405283429535,0.08674046642376877
