dice_IRF,dice_SRF,dice_PED
0.2574920058469595 (0.25026281954394053),0.23892031608380757 (0.3086842735090008),0.22260124441441698 (0.17725527108624686)
