dice_IRF,dice_SRF,dice_PED
0.2261904761904762 (0.41859046156565627),0.27968596663395484 (0.4490652805963247),0.02490421455938697 (0.15590791349194325)
