Dice_Background,Dice_IRF,Dice_SRF,Dice_PED
0.9812405424048022,0.39915856987988557,0.19030946426315748,0.30804384971609705
