vendor,dice_class_0,dice_class_1,dice_class_2,dice_class_3,total_dice
Cirrus,0.9669111371040344,0.5061492919921875,0.1657480150461197,0.3825593888759613,0.9567851979050825
Spectralis,0.9872193336486816,0.660119891166687,0.7344185709953308,0.5321003198623657,0.9739480138629533
Topcon,0.9934490323066711,0.2650493383407593,0.42977023124694824,0.46440157294273376,0.9891253588861509
