dice_class_0,dice_class_1,dice_class_2,dice_class_3
0.9808012219937344,0.4775008303596849,0.4657444915478883,0.4536177978202895
