vendor,Dice_Background,Dice_IRF,Dice_SRF,Dice_PED
Cirrus,0.967676109087942,0.3119088773785063,0.044835310275283806,0.2404230337448387
Spectralis,0.9871896719898502,0.5585056993494789,0.7280848033443973,0.5176627501403329
Topcon,0.9934455967283542,0.29533303288338636,0.037545467987579476,0.19737125223215518
