dice_IRF,dice_SRF,dice_PED
0.2922077922077922 (0.4550235979068651),0.18253189401373895 (0.38647196188294797),0.14846743295019157 (0.3557331401644175)
