Vendor,dice_IRF,dice_SRF,dice_PED
Cirrus,0.1758383669070099 (0.32454121098613975),0.17665802203737258 (0.3361580890123386),0.1380284459798986 (0.2926808187001666)
Spectralis,0.3179997648739693 (0.3636081287664251),0.4460593742071366 (0.46240109621155717),0.3193620313187035 (0.43238285090927714)
Topcon,0.4285432179788456 (0.4826672143915365),0.11669389063068333 (0.29953977263116677),0.12856275460165176 (0.2920960303919876)
