AllSlices,SlicesWithFLuid,SlicesWithoutFluid
0.18428125977741058 (0.2694262140129985),0.3514749521546547 (0.2579452267353033),0.02894356005788712 (0.16776937586038457)
