dice_IRF,dice_SRF,dice_PED
0.2748994104379747 (0.26948756170672594),0.28224377002297146 (0.30065616498020536),0.23937030159777664 (0.19999951908725327)
