dice_class_0,dice_class_1,dice_class_2,dice_class_3
0.9802654476818028,0.5334988446578898,0.5303014991645036,0.4540597365642998
