dice_IRF,dice_SRF,dice_PED
0.2868971184314566 (0.40716115644712353),0.20601991281861443 (0.370383458601615),0.16817555676050822 (0.3303672592159763)
