vendor,dice_class_0,dice_class_1,dice_class_2,dice_class_3,total_dice
Cirrus,0.9550511837005615,0.5257154703140259,0.20103712379932404,0.40901026129722595,0.9455603547630649
Spectralis,0.9793584942817688,0.624092698097229,0.7117960453033447,0.4051274359226227,0.9642566892199887
Topcon,0.9784348011016846,0.4662572741508484,0.5349180102348328,0.28876176476478577,0.9750478559019453
