dice_IRF,dice_SRF,dice_PED
0.31005942778352164 (0.24798884770915974),0.27797568243261644 (0.2894345883765947),0.19476435615787457 (0.13037343840813628)
