vendor,Dice_Background,Dice_IRF,Dice_SRF,Dice_PED
Cirrus,0.9560480218156274,0.35438626495876807,0.059195431267183254,0.17718351773116067
Spectralis,0.9793604982924354,0.4995966283925621,0.6707839607653744,0.31874884109030227
Topcon,0.9784856735826222,0.43117567502505766,0.0388237009378355,0.052134006782539925
