AllSlices,SlicesWithFLuid,SlicesWithoutFluid
0.14901011753507692 (0.22415286188575517),0.3093932814240772 (0.23390030616670765),0.0 (0.0)
