dice_class_0,dice_class_1,dice_class_2,dice_class_3
0.9683388951037958,0.5378937456554294,0.4718333001704952,0.39514693974338644
