Dice_Background,Dice_IRF,Dice_SRF,Dice_PED
0.9688969779412933,0.4271881530121051,0.17088478601403953,0.1417277229982653
