dice_IRF,dice_SRF,dice_PED
0.1396103896103896 (0.34677005182255594),0.11579980372914622 (0.32014182631874905),0.006704980842911878 (0.0816480834101096)
