dice_IRF,dice_SRF,dice_PED
0.19190870664925758 (0.3291612255519291),0.15400177365629525 (0.3205540550716024),0.04747704345808383 (0.12208526659829677)
