,Cirrus,Spectralis,Topcon
IRF,-158327.5,45447.66666666663,-13813.5
SRF,189854.33333333337,58597.58333333337,158513.6818181818
PED,43903.0,-26880.041666666686,-703834.4090909092
