,Cirrus,Spectralis,Topcon
IRF,21944.875,37267.333333333314,-17526.5
SRF,-1065528.8333333333,86370.66666666669,157765.6818181818
PED,-837763.75,21853.166666666657,1697351.5909090908
