,Cirrus,Spectralis,Topcon
IRF,144046.875,5119.666666666628,118392.0
SRF,-91630.83333333326,10021.583333333372,-158325.45454545456
PED,-599225.75,-4837.041666666686,-518595.7272727273
