,Cirrus,Spectralis,Topcon
IRF,21944.875,-35168.33333333337,-17526.5
SRF,-1065528.8333333333,14481.583333333372,157765.6818181818
PED,-837763.75,-18328.041666666686,1697351.5909090908
