,Cirrus,Spectralis,Topcon
IRF,-9269.125,77280.66666666663,100980.0
SRF,-172340.83333333326,-134047.41666666663,-124843.45454545456
PED,1793443.25,25073.958333333314,-449675.7272727273
