,Cirrus,Spectralis,Topcon
0,-91630.83333333326,10021.583333333372,-204912.3181818182
1,-46016.833333333256,58597.58333333337,158513.6818181818
2,-172340.83333333326,-134047.41666666663,-171430.3181818182
3,1139646.1666666667,-20942.416666666628,-79697.3181818182
4,-1065528.8333333333,14481.583333333372,157765.6818181818
