,Cirrus,Spectralis,Topcon
0,-599225.75,-4837.041666666686,-662879.4090909092
1,-226490.75,-26880.041666666686,-703834.4090909092
2,1793443.25,25073.958333333314,-593959.4090909092
3,-400356.75,-15210.041666666686,-169529.40909090918
4,-837763.75,-18328.041666666686,1697351.5909090908
