,Cirrus,Spectralis,Topcon
IRF,144046.875,5119.666666666628,19603.5
SRF,-91630.83333333326,10021.583333333372,-204912.3181818182
PED,-599225.75,-4837.041666666686,-662879.4090909092
