,Cirrus,Spectralis,Topcon
IRF,1604.875,-165115.33333333337,-188032.0
SRF,1139646.1666666667,-20942.416666666628,-33110.45454545456
PED,-400356.75,-15210.041666666686,-25245.727272727294
