,Cirrus,Spectralis,Topcon
IRF,-428028.125,45447.66666666663,-13813.5
SRF,-46016.833333333256,58597.58333333337,158513.6818181818
PED,-226490.75,-26880.041666666686,-703834.4090909092
