,Cirrus,Spectralis,Topcon
IRF,-9269.125,77280.66666666663,2191.5
SRF,-172340.83333333326,-134047.41666666663,-171430.3181818182
PED,1793443.25,25073.958333333314,-593959.4090909092
