,Cirrus,Spectralis,Topcon
0,144046.875,5119.666666666628,19603.5
1,-428028.125,45447.66666666663,-13813.5
2,-9269.125,77280.66666666663,2191.5
3,1604.875,-165115.33333333337,-286820.5
4,21944.875,-35168.33333333337,-17526.5
