,Cirrus,Spectralis,Topcon
IRF,-338973.125,-90463.33333333337,331837.5
SRF,-482383.83333333326,107541.58333333337,-165082.3181818182
PED,1558349.25,103117.95833333331,-662879.4090909092
