,Cirrus,Spectralis,Topcon
IRF,-191562.125,-204598.33333333337,-295321.5
SRF,429340.16666666674,75532.58333333337,-136655.3181818182
PED,-292989.75,-35145.041666666686,121363.59090909082
