,Cirrus,Spectralis,Topcon
IRF,689935.875,-198540.33333333337,-244474.5
SRF,1809374.1666666667,-92939.41666666663,236397.6818181818
PED,400248.25,117933.95833333331,1358597.5909090908
