,Cirrus,Spectralis,Topcon
IRF,152216.875,29613.666666666628,-9367.0
SRF,-1033708.8333333333,-117343.41666666663,306466.5454545454
PED,-1253758.75,146618.9583333333,233913.2727272727
