,Cirrus,Spectralis,Topcon
IRF,574806.5,21437.666666666628,-11210.5
SRF,-943484.6666666666,-121074.41666666663,-221767.3181818182
PED,-635644.0,19613.958333333314,-626658.4090909092
