,Cirrus,Spectralis,Topcon
IRF,-158641.125,170894.66666666663,-218006.5
SRF,2204016.166666667,33098.58333333337,-58023.318181818206
PED,486586.25,-85418.04166666669,-325247.4090909092
