,Cirrus,Spectralis,Topcon
IRF,359400.875,290655.6666666666,56937.0
SRF,-437521.83333333326,476973.5833333334,-170381.45454545456
PED,-772300.75,41504.958333333314,-496574.7272727273
