,Cirrus,Spectralis,Topcon
IRF,-25984.125,-180984.33333333337,-318522.0
SRF,1858699.1666666667,-330469.4166666666,202434.54545454544
PED,400248.25,-77323.04166666669,-393154.7272727273
