,Cirrus,Spectralis,Topcon
IRF,206423.875,9278.666666666628,-158648.0
SRF,-2450.8333333332557,-313161.4166666666,282984.5454545454
PED,-613477.75,20115.958333333314,1502881.2727272727
