,Cirrus,Spectralis,Topcon
IRF,-308134.125,421123.6666666666,-105611.5
SRF,-951350.8333333333,151676.58333333337,-232934.3181818182
PED,-632605.75,-25182.041666666686,-640858.4090909092
