,Cirrus,Spectralis,Topcon
IRF,-120967.125,42.66666666662786,17204.5
SRF,-1040850.8333333333,-313700.4166666666,158513.6818181818
PED,-1303395.75,-200906.0416666667,-609074.4090909092
