,Cirrus,Spectralis,Topcon
IRF,-1114647.125,-140387.6666666667,431443.5
SRF,-475241.83333333326,287731.6666666667,-93270.3181818182
PED,1621174.25,-3911.833333333343,13506.590909090824
