,Cirrus,Spectralis,Topcon
IRF,595297.875,131711.66666666663,38573.5
SRF,-1096609.8333333333,133318.58333333337,-181336.3181818182
PED,-667502.75,-52242.041666666686,-533001.4090909092
