,Cirrus,Spectralis,Topcon
IRF,-207418.5,-194691.33333333337,193399.0
SRF,187823.33333333337,81149.58333333337,-183393.45454545456
PED,-328832.0,10151.958333333314,-577134.7272727273
