,Cirrus,Spectralis,Topcon
IRF,-381455.125,-137528.6666666667,-4599.0
SRF,-261520.83333333326,-130223.33333333331,116286.54545454544
PED,1763507.25,-19110.833333333343,1201470.2727272727
