,Cirrus,Spectralis,Topcon
IRF,293027.875,3758.666666666628,-55981.5
SRF,-309683.83333333326,-107228.41666666663,73254.6818181818
PED,-259294.75,79528.95833333331,962426.5909090908
