,Cirrus,Spectralis,Topcon
IRF,-154925.125,-69642.33333333337,-118912.0
SRF,1146788.1666666667,24248.583333333372,-24897.45454545456
PED,-287894.75,-63205.041666666686,-213662.7272727273
