,Cirrus,Spectralis,Topcon
IRF,-6368.125,-66793.33333333337,-17526.5
SRF,-21386.833333333256,54358.58333333337,-128453.3181818182
PED,-643413.75,-77726.04166666669,46205.590909090824
