,Cirrus,Spectralis,Topcon
IRF,-263927.125,-43361.33333333337,102001.5
SRF,-590123.8333333333,-121074.41666666663,-168925.3181818182
PED,-569865.75,28585.958333333314,-533001.4090909092
