,Cirrus,Spectralis,Topcon
IRF,-6368.125,-66793.33333333337,81262.0
SRF,-21386.833333333256,54358.58333333337,-81866.45454545456
PED,-643413.75,-77726.04166666669,190489.2727272727
