,Cirrus,Spectralis,Topcon
IRF,5773.5,29074.333333333314,200790.0
SRF,-354252.6666666666,-49185.333333333314,-122338.45454545456
PED,-299472.0,68767.16666666666,-388717.7272727273
