,Cirrus,Spectralis,Topcon
IRF,-137508.125,103602.66666666663,-107158.5
SRF,-461464.83333333326,77806.58333333337,155847.6818181818
PED,1490075.25,-7365.041666666686,-550535.4090909092
