,Cirrus,Spectralis,Topcon
IRF,1068774.875,-200016.33333333337,-223774.0
SRF,1077819.1666666667,-358906.4166666666,-97993.45454545456
PED,-1040634.75,62678.958333333314,296889.2727272727
