,Cirrus,Spectralis,Topcon
IRF,-281867.125,-11397.333333333372,145483.0
SRF,-23369.833333333256,430053.5833333334,14932.545454545441
PED,-186183.75,228013.9583333333,-11045.727272727294
