,Cirrus,Spectralis,Topcon
IRF,-179829.125,52920.66666666663,69095.0
SRF,-1073945.8333333333,-29116.416666666628,-50238.45454545456
PED,-599228.75,-60525.041666666686,157790.2727272727
