,Cirrus,Spectralis,Topcon
IRF,-1092089.125,-10995.666666666686,477480.5
SRF,-247856.83333333326,55522.666666666686,-226425.3181818182
PED,425171.25,-12060.833333333343,-721418.4090909092
