,Cirrus,Spectralis,Topcon
IRF,24539.875,-154461.33333333337,-328923.0
SRF,-681048.8333333333,8613.583333333372,518241.5454545454
PED,-958821.75,-77726.04166666669,1156993.2727272727
