,Cirrus,Spectralis,Topcon
IRF,-261255.875,-88568.66666666669,7654.0
SRF,18581.5,-135363.3333333333,-32822.45454545456
PED,8060.75,-3112.833333333343,-47266.727272727294
