,Cirrus,Spectralis,Topcon
IRF,280641.5,376870.6666666666,-70266.5
SRF,-125543.66666666663,-135283.41666666663,-208755.3181818182
PED,1760469.0,-200906.0416666667,-721418.4090909092
