,Cirrus,Spectralis,Topcon
IRF,-21584.875,71552.66666666663,-67528.0
SRF,-9362.5,10021.583333333372,-169932.45454545456
PED,-231513.25,4134.958333333314,-463875.7272727273
