,Cirrus,Spectralis,Topcon
IRF,-371815.125,-113575.66666666669,213233.0
SRF,-91630.83333333326,61641.666666666686,-158613.45454545456
PED,-197482.75,-51474.83333333334,-482374.7272727273
