,Cirrus,Spectralis,Topcon
IRF,-953699.125,-235595.33333333337,-155223.0
SRF,-398475.83333333326,70248.58333333337,205701.54545454544
PED,170376.25,7417.958333333314,-478990.7272727273
