,Cirrus,Spectralis,Topcon
IRF,749893.875,-115679.33333333337,8130.5
SRF,-1158436.8333333333,-74861.41666666663,-176678.3181818182
PED,-1351968.75,-94116.04166666669,-626658.4090909092
