,Cirrus,Spectralis,Topcon
IRF,825176.875,239211.66666666663,-83115.5
SRF,1084961.1666666667,-72137.41666666663,-141626.3181818182
PED,-594703.75,-65431.041666666686,179902.59090909082
