,Cirrus,Spectralis,Topcon
IRF,-1079807.125,-146626.33333333337,103269.0
SRF,606620.1666666667,-14992.416666666628,-19649.45454545456
PED,-82382.75,120393.95833333331,-180963.7272727273
