,Cirrus,Spectralis,Topcon
IRF,-953699.125,-235595.33333333337,-254011.5
SRF,-398475.83333333326,70248.58333333337,159114.6818181818
PED,170376.25,7417.958333333314,-623274.4090909092
