,Cirrus,Spectralis,Topcon
IRF,-1079807.125,-146626.33333333337,4480.5
SRF,606620.1666666667,-14992.416666666628,-66236.3181818182
PED,-82382.75,120393.95833333331,-325247.4090909092
