,Cirrus,Spectralis,Topcon
IRF,188734.875,186253.66666666663,28150.5
SRF,-370539.83333333326,19853.583333333372,85665.6818181818
PED,1588285.25,-8446.041666666686,962426.5909090908
